SET SQL_MODE="NO_AUTO_VALUE_ON_ZERO";

-- --------------------------------------------------------

--
-- Table structure for table `a5_clientele`
--

CREATE TABLE IF NOT EXISTS `a5_clientele` (
  `clienteleID` int(11) unsigned NOT NULL AUTO_INCREMENT,
  `clientele_label` varchar(16) NOT NULL,
  PRIMARY KEY (`clienteleID`)
) ENGINE=MyISAM  DEFAULT CHARSET=latin1 AUTO_INCREMENT=6 ;

--
-- Dumping data for table `a5_clientele`
--

INSERT INTO `a5_clientele` (`clienteleID`, `clientele_label`) VALUES
(1, 'Dogs'),
(2, 'Cats'),
(3, 'Mice'),
(4, 'Horses'),
(5, 'Llamas');

-- --------------------------------------------------------

--
-- Table structure for table `a5_locations`
--

CREATE TABLE IF NOT EXISTS `a5_locations` (
  `locationID` int(11) unsigned NOT NULL AUTO_INCREMENT,
  `state` char(2) NOT NULL,
  `location_name` varchar(32) NOT NULL,
  `zipcode` mediumint(9) unsigned NOT NULL,
  `latitude` float(7,4) NOT NULL,
  `longitude` float(7,4) NOT NULL,
  PRIMARY KEY (`locationID`)
) ENGINE=MyISAM  DEFAULT CHARSET=latin1 AUTO_INCREMENT=1639 ;

--
-- Dumping data for table `a5_locations`
--

INSERT INTO `a5_locations` (`locationID`, `state`, `location_name`, `zipcode`, `latitude`, `longitude`) VALUES
(1, 'MI', 'Acme', 49610, 44.7719, -85.5015),
(2, 'MI', 'Ada', 49301, 42.9888, -85.4641),
(3, 'MI', 'Ada', 49355, 43.0314, -85.5503),
(4, 'MI', 'Ada', 49357, 43.0314, -85.5503),
(6, 'MI', 'Addison', 49220, 41.9943, -84.3386),
(8, 'MI', 'Adrian', 49221, 41.8934, -84.0659),
(9, 'MI', 'Afton', 49705, 45.3606, -84.4745),
(10, 'MI', 'Ahmeek', 49901, 47.2988, -88.3965),
(12, 'MI', 'Akron', 48701, 43.5953, -83.5568),
(14, 'MI', 'Alanson', 49706, 45.4032, -84.7281),
(15, 'MI', 'Alba', 49611, 44.9581, -84.8998),
(17, 'MI', 'Albion', 49224, 42.2935, -84.7509),
(18, 'MI', 'Alden', 49612, 44.8721, -85.2190),
(20, 'MI', 'Alger', 48610, 44.1443, -84.1708),
(22, 'MI', 'Algonac', 48001, 42.6376, -82.5823),
(24, 'MI', 'Allegan', 49010, 42.5602, -85.8586),
(26, 'MI', 'Allen', 49227, 41.9486, -84.7670),
(27, 'MI', 'Allen Park', 48101, 42.2654, -83.2080),
(28, 'MI', 'Allen Park', 48102, 42.2654, -83.2080),
(30, 'MI', 'Allendale', 49401, 42.9742, -85.9311),
(31, 'MI', 'Allenton', 48002, 42.9388, -82.9266),
(32, 'MI', 'Allouez', 49805, 47.3646, -88.3515),
(33, 'MI', 'Alma', 48801, 43.3792, -84.6671),
(34, 'MI', 'Alma', 48802, 43.3893, -84.6667),
(36, 'MI', 'Almont', 48003, 42.9358, -83.0440),
(38, 'MI', 'Alpena', 49707, 45.0657, -83.4551),
(40, 'MI', 'Alpha', 49902, 46.0438, -88.3771),
(42, 'MI', 'Alto', 49302, 42.8237, -85.3988),
(43, 'MI', 'Amasa', 49903, 46.2327, -88.4488),
(45, 'MI', 'Anchorville', 48004, 42.8241, -82.6652),
(46, 'MI', 'Ann Arbor', 48103, 42.2668, -83.8562),
(47, 'MI', 'Ann Arbor', 48104, 42.2734, -83.7133),
(48, 'MI', 'Ann Arbor', 48105, 42.3241, -83.7113),
(49, 'MI', 'Ann Arbor', 48106, 42.2776, -83.7409),
(50, 'MI', 'Ann Arbor', 48107, 42.2776, -83.7409),
(51, 'MI', 'Ann Arbor', 48108, 42.2167, -83.7406),
(52, 'MI', 'Ann Arbor', 48109, 42.2923, -83.7145),
(53, 'MI', 'Ann Arbor', 48113, 42.2776, -83.7409),
(54, 'MI', 'Ann Arbor', 49109, 42.2776, -83.7409),
(55, 'MI', 'Applegate', 48401, 43.3587, -82.6700),
(56, 'MI', 'Arcadia', 49613, 44.4986, -86.1962),
(57, 'MI', 'Argyle', 48410, 43.5642, -82.9360),
(59, 'MI', 'Armada', 48005, 42.8500, -82.9234),
(60, 'MI', 'Arnold', 49819, 46.0508, -87.4921),
(61, 'MI', 'Ashley', 48806, 43.1831, -84.4941),
(62, 'MI', 'Athens', 49011, 42.0939, -85.2332),
(64, 'MI', 'Atlanta', 49709, 45.0288, -84.1722),
(66, 'MI', 'Atlantic Mine', 49905, 47.1020, -88.7328),
(67, 'MI', 'Atlas', 48411, 42.9378, -83.5344),
(69, 'MI', 'Attica', 48412, 43.0613, -83.1738),
(71, 'MI', 'Au Gres', 48703, 44.0614, -83.6615),
(72, 'MI', 'Au Train', 49806, 46.4150, -86.8568),
(74, 'MI', 'Auburn', 48611, 43.6393, -84.0883),
(75, 'MI', 'Auburn Hills', 48321, 42.6875, -83.2341),
(76, 'MI', 'Auburn Hills', 48326, 42.6644, -83.2303),
(78, 'MI', 'Augusta', 49012, 42.3557, -85.3519),
(80, 'MI', 'Avoca', 48006, 43.0750, -82.6990),
(81, 'MI', 'Azalia', 48110, 42.0189, -83.6658),
(83, 'MI', 'Bad Axe', 48413, 43.7944, -83.0025),
(84, 'MI', 'Bailey', 49303, 43.2787, -85.8594),
(86, 'MI', 'Baldwin', 49304, 43.9234, -85.8679),
(87, 'MI', 'Bancroft', 48414, 42.8657, -84.0809),
(89, 'MI', 'Bangor', 49013, 42.3128, -86.0813),
(90, 'MI', 'Bannister', 48807, 43.1593, -84.4146),
(92, 'MI', 'Baraga', 49908, 46.8168, -88.5703),
(93, 'MI', 'Barbeau', 49710, 46.2698, -84.1571),
(94, 'MI', 'Bark River', 49807, 45.7022, -87.2891),
(96, 'MI', 'Baroda', 49101, 41.9496, -86.4778),
(97, 'MI', 'Barryton', 49305, 43.7449, -85.1465),
(98, 'MI', 'Barton City', 48705, 44.6859, -83.6599),
(100, 'MI', 'Bath', 48808, 42.8272, -84.4521),
(101, 'MI', 'Battle Creek', 49014, 42.2979, -85.1108),
(102, 'MI', 'Battle Creek', 49015, 42.2843, -85.2293),
(103, 'MI', 'Battle Creek', 49016, 42.3212, -85.1797),
(104, 'MI', 'Battle Creek', 49017, 42.3900, -85.1946),
(105, 'MI', 'Battle Creek', 49018, 42.3212, -85.1797),
(106, 'MI', 'Battle Creek', 49037, 42.3212, -85.1797),
(107, 'MI', 'Bay City', 48706, 43.6095, -83.9461),
(108, 'MI', 'Bay City', 48707, 43.5945, -83.8889),
(109, 'MI', 'Bay City', 48708, 43.5674, -83.8221),
(110, 'MI', 'Bay Port', 48720, 43.8290, -83.3350),
(111, 'MI', 'Bay Shore', 49711, 45.4322, -85.2253),
(113, 'MI', 'Bear Lake', 49614, 44.4313, -86.1145),
(115, 'MI', 'Beaver Island', 49782, 45.6659, -85.5584),
(117, 'MI', 'Beaverton', 48612, 43.8853, -84.4261),
(118, 'MI', 'Bedford', 49020, 42.3953, -85.2322),
(120, 'MI', 'Belding', 48809, 43.0579, -85.2779),
(122, 'MI', 'Bellaire', 49615, 44.9597, -85.1954),
(123, 'MI', 'Belleville', 48111, 42.1759, -83.4807),
(124, 'MI', 'Belleville', 48112, 42.2048, -83.4852),
(125, 'MI', 'Bellevue', 49021, 42.4563, -85.0867),
(127, 'MI', 'Belmont', 49306, 43.0726, -85.4851),
(129, 'MI', 'Bentley', 48613, 43.9340, -84.1553),
(130, 'MI', 'Benton Harbor', 49022, 42.1273, -86.3073),
(131, 'MI', 'Benton Harbor', 49023, 42.1167, -86.4542),
(132, 'MI', 'Benzonia', 49616, 44.5746, -86.0736),
(133, 'MI', 'Bergland', 49910, 46.5817, -89.5011),
(135, 'MI', 'Berkley', 48072, 42.4992, -83.1811),
(136, 'MI', 'Berrien Center', 49102, 41.9419, -86.2705),
(137, 'MI', 'Berrien Springs', 49103, 41.9599, -86.3932),
(138, 'MI', 'Berrien Springs', 49104, 42.0016, -86.7153),
(139, 'MI', 'Bessemer', 49911, 46.4910, -90.0518),
(141, 'MI', 'Beulah', 49617, 44.6400, -86.0365),
(143, 'MI', 'Big Bay', 49808, 46.8158, -87.7285),
(145, 'MI', 'Big Rapids', 49307, 43.6797, -85.5619),
(147, 'MI', 'Birch Run', 48415, 43.2712, -83.8079),
(148, 'MI', 'Birmingham', 48009, 42.5457, -83.2165),
(149, 'MI', 'Birmingham', 48012, 42.5467, -83.2113),
(150, 'MI', 'Bitely', 49309, 43.7525, -85.8604),
(151, 'MI', 'Black River', 48721, 44.8064, -83.3479),
(152, 'MI', 'Blanchard', 49310, 43.5166, -85.0701),
(154, 'MI', 'Blissfield', 49228, 41.8130, -83.8815),
(155, 'MI', 'Bloomfield Hills', 48301, 42.5436, -83.2792),
(156, 'MI', 'Bloomfield Hills', 48302, 42.5848, -83.2950),
(157, 'MI', 'Bloomfield Hills', 48303, 42.5836, -83.2455),
(158, 'MI', 'Bloomfield Hills', 48304, 42.5872, -83.2362),
(160, 'MI', 'Bloomingdale', 49026, 42.3772, -85.9669),
(162, 'MI', 'Boon', 49618, 44.2909, -85.6096),
(164, 'MI', 'Boyne City', 49712, 45.2011, -85.0120),
(166, 'MI', 'Boyne Falls', 49713, 45.2180, -84.8554),
(168, 'MI', 'Bradley', 49311, 42.6303, -85.6431),
(170, 'MI', 'Branch', 49402, 43.9357, -86.0367),
(171, 'MI', 'Brant', 48614, 43.2481, -84.3024),
(173, 'MI', 'Breckenridge', 48615, 43.4299, -84.4889),
(174, 'MI', 'Breedsville', 49027, 42.3464, -86.0731),
(175, 'MI', 'Brethren', 49619, 44.3039, -85.9799),
(177, 'MI', 'Bridgeport', 48722, 43.3499, -83.8517),
(178, 'MI', 'Bridgewater', 48115, 42.1609, -83.9022),
(180, 'MI', 'Bridgman', 49106, 41.9411, -86.5522),
(181, 'MI', 'Brighton', 48114, 42.5764, -83.7559),
(182, 'MI', 'Brighton', 48116, 42.5028, -83.7694),
(184, 'MI', 'Brimley', 49715, 46.3849, -84.6997),
(186, 'MI', 'Britton', 49229, 42.0013, -83.8439),
(188, 'MI', 'Brohman', 49312, 43.6853, -85.8159),
(190, 'MI', 'Bronson', 49028, 41.8724, -85.1659),
(192, 'MI', 'Brooklyn', 49230, 42.1015, -84.2259),
(194, 'MI', 'Brown City', 48416, 43.2164, -82.9974),
(195, 'MI', 'Bruce Crossing', 49912, 46.5068, -89.1926),
(196, 'MI', 'Brutus', 49716, 45.5107, -84.7541),
(198, 'MI', 'Buchanan', 49107, 41.8424, -86.4234),
(199, 'MI', 'Buckley', 49620, 44.5193, -85.6898),
(200, 'MI', 'Burlington', 49029, 42.1378, -85.1026),
(202, 'MI', 'Burnips', 49314, 42.7320, -85.8395),
(204, 'MI', 'Burr Oak', 49030, 41.8397, -85.3447),
(205, 'MI', 'Burt', 48417, 43.2641, -83.9315),
(206, 'MI', 'Burt Lake', 49717, 45.4356, -84.6969),
(207, 'MI', 'Burton', 48509, 43.0259, -83.6053),
(208, 'MI', 'Burton', 48519, 42.9903, -83.6096),
(209, 'MI', 'Burton', 48529, 42.9757, -83.6628),
(210, 'MI', 'Byron', 48418, 42.8058, -83.9749),
(212, 'MI', 'Byron Center', 49315, 42.7977, -85.7333),
(214, 'MI', 'Cadillac', 49601, 44.2564, -85.5348),
(216, 'MI', 'Caledonia', 49316, 42.7864, -85.5506),
(218, 'MI', 'Calumet', 49913, 47.2426, -88.4382),
(220, 'MI', 'Camden', 49232, 41.7474, -84.6399),
(221, 'MI', 'Cannonsburg', 49317, 43.0539, -85.4698),
(222, 'MI', 'Canton', 46188, 42.3073, -83.4868),
(223, 'MI', 'Canton', 48187, 42.3291, -83.4877),
(224, 'MI', 'Canton', 48188, 42.2856, -83.4858),
(227, 'MI', 'Capac', 48014, 43.0220, -82.9375),
(229, 'MI', 'Carleton', 48117, 42.0412, -83.4209),
(231, 'MI', 'Carney', 49812, 45.5878, -87.4812),
(233, 'MI', 'Caro', 48723, 43.4990, -83.3851),
(234, 'MI', 'Carp Lake', 49718, 45.7161, -84.8131),
(236, 'MI', 'Carrollton', 48724, 43.4617, -83.9406),
(238, 'MI', 'Carson City', 48811, 43.1876, -84.8551),
(240, 'MI', 'Carsonville', 48419, 43.4337, -82.6555),
(242, 'MI', 'Casco', 48064, 42.7674, -82.6728),
(243, 'MI', 'Caseville', 48725, 43.9435, -83.2110),
(245, 'MI', 'Casnovia', 49318, 43.2275, -85.8255),
(247, 'MI', 'Caspian', 49915, 46.0641, -88.6315),
(249, 'MI', 'Cass City', 48726, 43.6106, -83.1644),
(251, 'MI', 'Cassopolis', 49031, 41.8980, -86.0015),
(253, 'MI', 'Cedar', 49621, 44.8646, -85.7677),
(254, 'MI', 'Cedar Lake', 48812, 43.4061, -84.9750),
(256, 'MI', 'Cedar Springs', 49319, 43.2334, -85.5239),
(258, 'MI', 'Cedarville', 49719, 46.0202, -84.3317),
(259, 'MI', 'Cement City', 49233, 42.0609, -84.3420),
(261, 'MI', 'Center Line', 48015, 42.4802, -83.0286),
(263, 'MI', 'Central Lake', 49622, 45.0805, -85.2457),
(265, 'MI', 'Centreville', 49032, 41.9065, -85.5448),
(267, 'MI', 'Ceresco', 49033, 42.2278, -85.0871),
(269, 'MI', 'Champion', 49814, 46.5626, -87.9279),
(270, 'MI', 'Channing', 49815, 46.1784, -87.9611),
(272, 'MI', 'Charlevoix', 49720, 45.2510, -85.2807),
(274, 'MI', 'Charlotte', 48813, 42.5689, -84.8361),
(276, 'MI', 'Chase', 49623, 43.9009, -85.6785),
(277, 'MI', 'Chassell', 49916, 46.9965, -88.5932),
(278, 'MI', 'Chatham', 49816, 46.2855, -86.9066),
(280, 'MI', 'Cheboygan', 49721, 45.5452, -84.3550),
(282, 'MI', 'Chelsea', 48118, 42.3137, -84.0237),
(284, 'MI', 'Chesaning', 48616, 43.1820, -84.1315),
(285, 'MI', 'Chippewa Lake', 49320, 43.7439, -85.2973),
(287, 'MI', 'Clare', 48617, 43.8489, -84.7349),
(289, 'MI', 'Clarklake', 49234, 42.1257, -84.3717),
(290, 'MI', 'Clarkston', 48346, 42.7237, -83.4222),
(291, 'MI', 'Clarkston', 48347, 42.7086, -83.4397),
(292, 'MI', 'Clarkston', 48348, 42.7592, -83.4111),
(294, 'MI', 'Clarksville', 48815, 42.8409, -85.2473),
(295, 'MI', 'Clawson', 48017, 42.5368, -83.1464),
(296, 'MI', 'Clawson', 48398, 42.6601, -83.3863),
(297, 'MI', 'Clayton', 49235, 41.8590, -84.2112),
(298, 'MI', 'Clifford', 48727, 43.3183, -83.1736),
(300, 'MI', 'Climax', 49034, 42.2249, -85.3340),
(302, 'MI', 'Clinton', 49236, 42.0807, -83.9587),
(303, 'MI', 'Clinton Township', 48035, 42.5546, -82.9171),
(304, 'MI', 'Clinton Township', 48036, 42.5984, -82.9135),
(305, 'MI', 'Clinton Township', 48038, 42.5991, -82.9312),
(307, 'MI', 'Clio', 48420, 43.1776, -83.7072),
(308, 'MI', 'Cloverdale', 49035, 42.5527, -85.3852),
(309, 'MI', 'Cohoctah', 48816, 42.7597, -83.9486),
(311, 'MI', 'Coldwater', 49036, 41.9015, -85.0346),
(313, 'MI', 'Coleman', 48618, 43.7350, -84.5498),
(315, 'MI', 'Coloma', 49038, 42.2015, -86.3369),
(317, 'MI', 'Colon', 49040, 41.9741, -85.3367),
(319, 'MI', 'Columbiaville', 48421, 43.1468, -83.3835),
(321, 'MI', 'Columbus', 48063, 42.8561, -82.6768),
(322, 'MI', 'Comins', 48619, 44.8269, -84.0202),
(324, 'MI', 'Commerce Township', 48382, 42.5860, -83.5006),
(326, 'MI', 'Comstock', 49041, 42.2867, -85.5133),
(328, 'MI', 'Comstock Park', 49321, 43.0818, -85.6814),
(330, 'MI', 'Concord', 49237, 42.1752, -84.6418),
(332, 'MI', 'Conklin', 49403, 43.1300, -85.8481),
(334, 'MI', 'Constantine', 49042, 41.8525, -85.7234),
(335, 'MI', 'Conway', 49722, 45.4167, -84.8670),
(336, 'MI', 'Cooks', 49817, 45.9546, -86.4741),
(338, 'MI', 'Coopersville', 49404, 43.0706, -85.9733),
(339, 'MI', 'Copemish', 49625, 44.4272, -85.8562),
(340, 'MI', 'Copper City', 49917, 47.2835, -88.3871),
(342, 'MI', 'Copper Harbor', 49918, 47.4688, -87.8884),
(343, 'MI', 'Coral', 49322, 43.3594, -85.3334),
(344, 'MI', 'Cornell', 49818, 45.9859, -87.3066),
(346, 'MI', 'Corunna', 48817, 43.0211, -84.0336),
(348, 'MI', 'Covert', 49043, 42.2873, -86.2697),
(349, 'MI', 'Covington', 49919, 46.5440, -88.5436),
(350, 'MI', 'Cross Village', 49723, 45.6422, -85.0376),
(352, 'MI', 'Croswell', 48422, 43.2640, -82.6589),
(354, 'MI', 'Crystal', 48818, 43.2745, -84.8999),
(356, 'MI', 'Crystal Falls', 49920, 46.1346, -88.3601),
(357, 'MI', 'Curran', 48728, 44.7372, -83.7905),
(359, 'MI', 'Curtis', 49820, 46.2018, -85.6818),
(361, 'MI', 'Custer', 49405, 43.9179, -86.1864),
(362, 'MI', 'Dafter', 49724, 46.3128, -84.3884),
(364, 'MI', 'Daggett', 49821, 45.5323, -87.6049),
(365, 'MI', 'Dansville', 48819, 42.5454, -84.2736),
(367, 'MI', 'Davisburg', 48350, 42.7429, -83.5182),
(369, 'MI', 'Davison', 48423, 43.0443, -83.5192),
(370, 'MI', 'De Tour Village', 49725, 46.0000, -84.0573),
(371, 'MI', 'Dearborn', 48120, 42.3045, -83.1774),
(372, 'MI', 'Dearborn', 48121, 42.3223, -83.1763),
(373, 'MI', 'Dearborn', 48123, 42.3223, -83.1763),
(374, 'MI', 'Dearborn', 48124, 42.3027, -83.2456),
(375, 'MI', 'Dearborn', 48126, 42.3295, -83.1908),
(376, 'MI', 'Dearborn', 48128, 42.3194, -83.2679),
(377, 'MI', 'Dearborn Heights', 48125, 42.2901, -83.2877),
(378, 'MI', 'Dearborn Heights', 48127, 42.3344, -83.2752),
(380, 'MI', 'Decatur', 49045, 42.0917, -86.0120),
(381, 'MI', 'Decker', 48426, 43.5170, -83.0684),
(383, 'MI', 'Deckerville', 48427, 43.5205, -82.7241),
(385, 'MI', 'Deerfield', 49238, 41.9023, -83.7926),
(386, 'MI', 'Deerton', 49822, 46.4630, -87.0291),
(388, 'MI', 'Deford', 48729, 43.4933, -83.1882),
(390, 'MI', 'Delton', 49046, 42.5186, -85.3842),
(391, 'MI', 'Detroit', 48201, 42.3463, -83.0598),
(392, 'MI', 'Detroit', 48202, 42.3755, -83.0772),
(393, 'MI', 'Detroit', 48204, 42.3679, -83.1386),
(394, 'MI', 'Detroit', 48205, 42.4290, -82.9772),
(395, 'MI', 'Detroit', 48206, 42.3756, -83.1085),
(396, 'MI', 'Detroit', 48207, 42.3523, -83.0271),
(397, 'MI', 'Detroit', 48208, 42.3503, -83.0894),
(398, 'MI', 'Detroit', 48209, 42.3036, -83.1127),
(399, 'MI', 'Detroit', 48210, 42.3376, -83.1254),
(400, 'MI', 'Detroit', 48211, 42.3831, -83.0487),
(401, 'MI', 'Detroit', 48213, 42.3968, -82.9970),
(402, 'MI', 'Detroit', 48214, 42.3668, -82.9849),
(403, 'MI', 'Detroit', 48215, 42.3762, -82.9541),
(404, 'MI', 'Detroit', 48216, 42.3259, -83.0784),
(405, 'MI', 'Detroit', 48217, 42.2758, -83.1536),
(406, 'MI', 'Detroit', 48219, 42.4255, -83.2533),
(407, 'MI', 'Detroit', 48221, 42.4279, -83.1436),
(408, 'MI', 'Detroit', 48222, 42.2399, -83.1508),
(409, 'MI', 'Detroit', 48223, 42.3959, -83.2463),
(410, 'MI', 'Detroit', 48224, 42.4119, -82.9396),
(411, 'MI', 'Detroit', 48226, 42.3284, -83.0554),
(412, 'MI', 'Detroit', 48227, 42.3872, -83.1906),
(413, 'MI', 'Detroit', 48228, 42.3539, -83.2120),
(414, 'MI', 'Detroit', 48231, 42.3314, -83.0457),
(415, 'MI', 'Detroit', 48232, 42.3314, -83.0457),
(416, 'MI', 'Detroit', 48233, 42.2399, -83.1508),
(417, 'MI', 'Detroit', 48234, 42.4257, -83.0437),
(418, 'MI', 'Detroit', 48235, 42.4268, -83.1935),
(419, 'MI', 'Detroit', 48238, 42.3955, -83.1381),
(420, 'MI', 'Detroit', 48242, 42.2161, -83.3529),
(421, 'MI', 'Detroit', 48243, 42.3299, -83.0391),
(422, 'MI', 'Detroit', 48244, 42.3314, -83.0457),
(423, 'MI', 'Detroit', 48264, 42.2399, -83.1508),
(424, 'MI', 'Detroit', 48265, 42.2399, -83.1508),
(425, 'MI', 'Detroit', 48266, 42.2399, -83.1508),
(426, 'MI', 'Detroit', 48267, 42.2399, -83.1508),
(427, 'MI', 'Detroit', 48269, 42.2399, -83.1508),
(428, 'MI', 'Detroit', 48272, 42.2399, -83.1508),
(429, 'MI', 'Detroit', 48275, 42.2399, -83.1508),
(430, 'MI', 'Detroit', 48277, 42.2399, -83.1508),
(431, 'MI', 'Detroit', 48279, 42.2399, -83.1508),
(432, 'MI', 'Detroit', 48288, 42.2399, -83.1508),
(433, 'MI', 'Detroit', 98755, 42.3662, -83.1015),
(435, 'MI', 'Dewitt', 48820, 42.8602, -84.5941),
(437, 'MI', 'Dexter', 48130, 42.3541, -83.8967),
(439, 'MI', 'Dimondale', 48821, 42.6406, -84.6542),
(440, 'MI', 'Dodgeville', 49921, 47.0834, -88.5732),
(441, 'MI', 'Dollar Bay', 49922, 47.1197, -88.5115),
(443, 'MI', 'Dorr', 49323, 42.7216, -85.7930),
(445, 'MI', 'Douglas', 49406, 42.6434, -86.2006),
(447, 'MI', 'Dowagiac', 49047, 41.9881, -86.1089),
(448, 'MI', 'Dowling', 49050, 42.4990, -85.2354),
(449, 'MI', 'Drayton Plains', 48330, 42.6842, -83.3772),
(450, 'MI', 'Drummond Island', 49726, 46.0092, -83.6783),
(452, 'MI', 'Dryden', 48428, 42.9367, -83.1522),
(454, 'MI', 'Dundee', 48131, 41.9603, -83.6735),
(456, 'MI', 'Durand', 48429, 42.8949, -84.0092),
(457, 'MI', 'Eagle', 48822, 42.8426, -84.7593),
(459, 'MI', 'East China', 48054, 42.7709, -82.5428),
(461, 'MI', 'East Jordan', 49727, 45.1377, -85.0962),
(462, 'MI', 'East Lansing', 48823, 42.7627, -84.4427),
(463, 'MI', 'East Lansing', 48824, 42.7283, -84.4882),
(464, 'MI', 'East Lansing', 48825, 42.7282, -84.4780),
(465, 'MI', 'East Lansing', 48826, 42.7370, -84.4839),
(467, 'MI', 'East Leroy', 49051, 42.1761, -85.2345),
(469, 'MI', 'East Tawas', 48730, 44.3461, -83.4787),
(470, 'MI', 'Eastlake', 49626, 44.2445, -86.2947),
(472, 'MI', 'Eastpointe', 48021, 42.4651, -82.9441),
(473, 'MI', 'Eastport', 49627, 45.1072, -85.3501),
(475, 'MI', 'Eaton Rapids', 48827, 42.5103, -84.6637),
(476, 'MI', 'Eau Claire', 49111, 42.0244, -86.2853),
(478, 'MI', 'Eben Junction', 49825, 46.3757, -86.9727),
(479, 'MI', 'Eckerman', 49728, 46.4148, -85.0492),
(481, 'MI', 'Ecorse', 48229, 42.2496, -83.1436),
(482, 'MI', 'Edenville', 48620, 43.8062, -84.3771),
(484, 'MI', 'Edmore', 48829, 43.4101, -85.0297),
(486, 'MI', 'Edwardsburg', 49112, 41.8146, -86.0126),
(488, 'MI', 'Elberta', 49628, 44.6194, -86.2265),
(490, 'MI', 'Elk Rapids', 49629, 44.9141, -85.3988),
(491, 'MI', 'Elkton', 48731, 43.8270, -83.1416),
(492, 'MI', 'Ellsworth', 49729, 45.1596, -85.2845),
(493, 'MI', 'Elm Hall', 48830, 43.3650, -84.8353),
(494, 'MI', 'Elmira', 49730, 45.0430, -84.8671),
(495, 'MI', 'Elsie', 48831, 43.1283, -84.3266),
(496, 'MI', 'Elwell', 48832, 43.4082, -84.7729),
(498, 'MI', 'Emmett', 48022, 43.0286, -82.8106),
(499, 'MI', 'Empire', 49630, 44.8219, -85.9870),
(501, 'MI', 'Engadine', 49827, 46.1638, -85.5300),
(503, 'MI', 'Erie', 48133, 41.7847, -83.4888),
(505, 'MI', 'Escanaba', 49829, 45.7566, -87.1571),
(507, 'MI', 'Essexville', 48732, 43.6071, -83.7782),
(509, 'MI', 'Eureka', 48833, 43.1036, -84.5139),
(511, 'MI', 'Evart', 49631, 43.9776, -85.2578),
(512, 'MI', 'Ewen', 49925, 46.5618, -89.3645),
(514, 'MI', 'Fair Haven', 48023, 42.6944, -82.6686),
(515, 'MI', 'Fairgrove', 48733, 43.5309, -83.5817),
(516, 'MI', 'Fairview', 48621, 44.7257, -84.0095),
(517, 'MI', 'Falmouth', 49632, 44.2421, -84.9891),
(518, 'MI', 'Farmington', 48331, 42.4980, -83.4072),
(519, 'MI', 'Farmington', 48332, 42.4645, -83.3763),
(520, 'MI', 'Farmington', 48333, 42.4645, -83.3763),
(521, 'MI', 'Farmington', 48334, 42.5065, -83.3491),
(522, 'MI', 'Farmington', 48335, 42.4648, -83.4034),
(523, 'MI', 'Farmington', 48336, 42.4629, -83.3499),
(525, 'MI', 'Farwell', 48622, 43.8213, -84.8840),
(527, 'MI', 'Felch', 49831, 46.0725, -87.5398),
(529, 'MI', 'Fennville', 49408, 42.5675, -86.1116),
(531, 'MI', 'Fenton', 48430, 42.7705, -83.7467),
(533, 'MI', 'Fenwick', 48834, 43.1265, -85.0405),
(535, 'MI', 'Ferndale', 48220, 42.4608, -83.1407),
(537, 'MI', 'Ferrysburg', 49409, 43.0845, -86.2203),
(539, 'MI', 'Fife Lake', 49633, 44.5643, -85.1681),
(540, 'MI', 'Filer City', 49634, 44.2145, -86.2889),
(542, 'MI', 'Filion', 48432, 43.8942, -82.9783),
(544, 'MI', 'Flat Rock', 48134, 42.1125, -83.3017),
(545, 'MI', 'Flint', 48501, 43.0125, -83.6875),
(546, 'MI', 'Flint', 48502, 43.0138, -83.6883),
(547, 'MI', 'Flint', 48503, 43.0116, -83.6578),
(548, 'MI', 'Flint', 48504, 43.0565, -83.7483),
(549, 'MI', 'Flint', 48505, 43.0658, -83.6921),
(550, 'MI', 'Flint', 48506, 43.0637, -83.6236),
(551, 'MI', 'Flint', 48507, 42.9619, -83.7204),
(552, 'MI', 'Flint', 48531, 43.0125, -83.6875),
(553, 'MI', 'Flint', 48532, 43.0137, -83.7965),
(554, 'MI', 'Flint', 48550, 43.0349, -83.6887),
(555, 'MI', 'Flint', 48551, 42.9790, -83.7131),
(556, 'MI', 'Flint', 48552, 42.9779, -83.7131),
(557, 'MI', 'Flint', 48553, 42.9736, -83.7203),
(558, 'MI', 'Flint', 48554, 42.9722, -83.7946),
(559, 'MI', 'Flint', 48555, 43.0113, -83.7108),
(560, 'MI', 'Flint', 48556, 43.0327, -83.6463),
(561, 'MI', 'Flint', 48557, 43.0806, -83.7837),
(562, 'MI', 'Flint', 48559, 43.0020, -83.6925),
(564, 'MI', 'Flushing', 48433, 43.0738, -83.8608),
(565, 'MI', 'Forestville', 48434, 43.6620, -82.6094),
(567, 'MI', 'Fort Gratiot', 48059, 43.0841, -82.4905),
(568, 'MI', 'Foster City', 49834, 45.9157, -87.7108),
(570, 'MI', 'Fostoria', 48435, 43.2437, -83.3626),
(571, 'MI', 'Fountain', 49410, 44.0128, -86.1482),
(572, 'MI', 'Fowler', 48835, 43.0093, -84.7588),
(574, 'MI', 'Fowlerville', 48836, 42.6625, -84.0674),
(575, 'MI', 'Frankenmuth', 48734, 43.3546, -83.7414),
(576, 'MI', 'Frankenmuth', 48787, 43.3350, -83.7494),
(578, 'MI', 'Frankfort', 49635, 44.6172, -86.1820),
(580, 'MI', 'Franklin', 48025, 42.5181, -83.2630),
(582, 'MI', 'Fraser', 48026, 42.5387, -82.9494),
(584, 'MI', 'Frederic', 49733, 44.7947, -84.6855),
(586, 'MI', 'Free Soil', 49411, 44.1241, -86.2652),
(588, 'MI', 'Freeland', 48623, 43.4989, -84.1560),
(590, 'MI', 'Freeport', 49325, 42.7692, -85.2858),
(591, 'MI', 'Fremont', 49412, 43.4604, -85.9303),
(592, 'MI', 'Fremont', 49413, 43.5543, -85.8009),
(593, 'MI', 'Frontier', 49239, 41.7939, -84.6231),
(595, 'MI', 'Fruitport', 49415, 43.1494, -86.1272),
(596, 'MI', 'Fulton', 49052, 42.1257, -85.3284),
(597, 'MI', 'Gaastra', 49927, 46.0431, -88.5604),
(598, 'MI', 'Gagetown', 48735, 43.6718, -83.2594),
(600, 'MI', 'Gaines', 48436, 42.8760, -83.8754),
(602, 'MI', 'Galesburg', 49053, 42.2888, -85.3850),
(604, 'MI', 'Galien', 49113, 41.8115, -86.4916),
(605, 'MI', 'Garden', 49835, 45.7523, -86.5884),
(606, 'MI', 'Garden City', 48135, 42.3252, -83.3453),
(607, 'MI', 'Garden City', 48136, 42.3256, -83.3310),
(608, 'MI', 'Gaylord', 49734, 45.0275, -84.6748),
(609, 'MI', 'Gaylord', 49735, 44.9867, -84.6393),
(611, 'MI', 'Genesee', 48437, 43.1125, -83.6177),
(612, 'MI', 'Germfask', 49836, 46.1662, -85.8984),
(613, 'MI', 'Gilford', 48736, 43.4948, -83.6165),
(614, 'MI', 'Gladstone', 49837, 45.8809, -87.0504),
(616, 'MI', 'Gladwin', 48624, 44.0747, -84.4347),
(617, 'MI', 'Glen Arbor', 49636, 44.8773, -85.9926),
(618, 'MI', 'Glenn', 49416, 42.5203, -86.2275),
(619, 'MI', 'Glennie', 48737, 44.5433, -83.7026),
(621, 'MI', 'Gobles', 49055, 42.3697, -85.8555),
(623, 'MI', 'Goetzville', 49736, 46.0711, -84.1431),
(625, 'MI', 'Goodells', 48027, 42.9443, -82.6824),
(627, 'MI', 'Goodrich', 48438, 42.9208, -83.4795),
(628, 'MI', 'Gould City', 49838, 46.0802, -85.7179),
(630, 'MI', 'Gowen', 49326, 43.2483, -85.3264),
(631, 'MI', 'Grand Blanc', 48439, 42.9196, -83.6496),
(632, 'MI', 'Grand Blanc', 48480, 42.9275, -83.6299),
(634, 'MI', 'Grand Haven', 49417, 43.0161, -86.1267),
(636, 'MI', 'Grand Junction', 49056, 42.4001, -86.0610),
(638, 'MI', 'Grand Ledge', 48837, 42.7512, -84.7691),
(639, 'MI', 'Grand Marais', 49839, 46.6404, -85.9372),
(640, 'MI', 'Grand Rapids', 49501, 42.9634, -85.6681),
(641, 'MI', 'Grand Rapids', 49502, 43.0314, -85.5503),
(642, 'MI', 'Grand Rapids', 49503, 42.9536, -85.6576),
(643, 'MI', 'Grand Rapids', 49504, 42.9777, -85.7110),
(644, 'MI', 'Grand Rapids', 49505, 42.9960, -85.6314),
(645, 'MI', 'Grand Rapids', 49506, 42.9425, -85.6161),
(646, 'MI', 'Grand Rapids', 49507, 42.9314, -85.6497),
(647, 'MI', 'Grand Rapids', 49508, 42.8636, -85.6272),
(649, 'MI', 'Grand Rapids', 49510, 42.9634, -85.6681),
(650, 'MI', 'Grand Rapids', 49512, 42.8801, -85.5458),
(651, 'MI', 'Grand Rapids', 49514, 42.9634, -85.6681),
(652, 'MI', 'Grand Rapids', 49515, 42.9634, -85.6681),
(653, 'MI', 'Grand Rapids', 49516, 42.9634, -85.6681),
(654, 'MI', 'Grand Rapids', 49518, 42.9634, -85.6681),
(655, 'MI', 'Grand Rapids', 49523, 42.9634, -85.6681),
(656, 'MI', 'Grand Rapids', 49525, 43.0141, -85.6009),
(657, 'MI', 'Grand Rapids', 49528, 42.9634, -85.6681),
(658, 'MI', 'Grand Rapids', 49530, 43.0314, -85.5503),
(659, 'MI', 'Grand Rapids', 49534, 42.9634, -85.6681),
(660, 'MI', 'Grand Rapids', 49544, 43.0069, -85.7686),
(661, 'MI', 'Grand Rapids', 49546, 42.9294, -85.5456),
(662, 'MI', 'Grand Rapids', 49548, 42.8664, -85.6635),
(663, 'MI', 'Grand Rapids', 49550, 43.0314, -85.5503),
(664, 'MI', 'Grand Rapids', 49555, 43.0314, -85.5503),
(665, 'MI', 'Grand Rapids', 49560, 43.0314, -85.5503),
(666, 'MI', 'Grand Rapids', 49588, 42.9634, -85.6681),
(667, 'MI', 'Grand Rapids', 49599, 42.9384, -85.6436),
(668, 'MI', 'Grandville', 49418, 42.8828, -85.7828),
(669, 'MI', 'Grandville', 49468, 42.9098, -85.7631),
(671, 'MI', 'Grant', 49327, 43.3445, -85.8504),
(673, 'MI', 'Grass Lake', 49240, 42.2897, -84.1841),
(675, 'MI', 'Grawn', 49637, 44.6273, -85.6659),
(676, 'MI', 'Grayling', 49738, 44.7143, -84.6717),
(677, 'MI', 'Grayling', 49739, 44.6830, -84.6104),
(678, 'MI', 'Greenbush', 48738, 44.5587, -83.3185),
(679, 'MI', 'Greenland', 49929, 46.7794, -89.1018),
(681, 'MI', 'Greenville', 48838, 43.2088, -85.2665),
(682, 'MI', 'Gregory', 48137, 42.4697, -84.0593),
(684, 'MI', 'Grosse Ile', 48138, 42.1453, -83.1560),
(685, 'MI', 'Grosse Pointe', 48230, 42.3838, -82.9235),
(686, 'MI', 'Grosse Pointe', 48236, 42.4215, -82.8987),
(688, 'MI', 'Gulliver', 49840, 46.0369, -85.9905),
(690, 'MI', 'Gwinn', 49841, 46.2880, -87.5165),
(691, 'MI', 'Hadley', 48440, 42.9545, -83.4033),
(693, 'MI', 'Hale', 48739, 44.3918, -83.8359),
(695, 'MI', 'Hamburg', 48139, 42.4487, -83.8016),
(697, 'MI', 'Hamilton', 49419, 42.6918, -85.9931),
(699, 'MI', 'Hamtramck', 48212, 42.4056, -83.0531),
(701, 'MI', 'Hancock', 49930, 47.1815, -88.5504),
(702, 'MI', 'Hanover', 49241, 42.1050, -84.6043),
(703, 'MI', 'Harbert', 49115, 41.8720, -86.6289),
(704, 'MI', 'Harbor Beach', 48441, 43.7859, -82.7328),
(706, 'MI', 'Harbor Springs', 49740, 45.5442, -84.9915),
(708, 'MI', 'Harper Woods', 48225, 42.4360, -82.9317),
(709, 'MI', 'Harrietta', 49638, 44.2874, -85.7490),
(710, 'MI', 'Harris', 49845, 45.7036, -87.3454),
(712, 'MI', 'Harrison', 48625, 44.0387, -84.8414),
(714, 'MI', 'Harrison Township', 48045, 42.5858, -82.8234),
(715, 'MI', 'Harrisville', 48740, 44.6785, -83.3969),
(716, 'MI', 'Harsens Island', 48028, 42.5754, -82.6064),
(717, 'MI', 'Hart', 49420, 43.7279, -86.2840),
(719, 'MI', 'Hartford', 49057, 42.1719, -86.1633),
(721, 'MI', 'Hartland', 48353, 42.6414, -83.7188),
(723, 'MI', 'Haslett', 48840, 42.7730, -84.3745),
(725, 'MI', 'Hastings', 49058, 42.6318, -85.2931),
(726, 'MI', 'Hawks', 49743, 45.2754, -83.8776),
(728, 'MI', 'Hazel Park', 48030, 42.4618, -83.0985),
(729, 'MI', 'Hemlock', 48626, 43.4236, -84.2208),
(731, 'MI', 'Henderson', 48841, 43.1220, -84.1858),
(732, 'MI', 'Hermansville', 49847, 45.7156, -87.6333),
(733, 'MI', 'Herron', 49744, 44.9968, -83.6686),
(735, 'MI', 'Hersey', 49639, 43.8597, -85.4098),
(737, 'MI', 'Hesperia', 49421, 43.5899, -86.0841),
(738, 'MI', 'Hessel', 49745, 46.0132, -84.4799),
(740, 'MI', 'Hickory Corners', 49060, 42.4235, -85.3992),
(741, 'MI', 'Higgins Lake', 48627, 44.4836, -84.7798),
(742, 'MI', 'Highland', 48356, 42.6540, -83.5904),
(743, 'MI', 'Highland', 48357, 42.6531, -83.6435),
(745, 'MI', 'Highland Park', 48203, 42.4178, -83.1045),
(747, 'MI', 'Hillman', 49746, 45.0295, -83.9533),
(749, 'MI', 'Hillsdale', 49242, 41.8619, -84.6038),
(750, 'MI', 'Holland', 49422, 42.7875, -86.1089),
(751, 'MI', 'Holland', 49423, 42.7423, -86.0661),
(752, 'MI', 'Holland', 49424, 42.8526, -86.1263),
(754, 'MI', 'Holly', 48442, 42.7853, -83.5864),
(756, 'MI', 'Holt', 48842, 42.6333, -84.5377),
(758, 'MI', 'Holton', 49425, 43.4281, -86.1116),
(760, 'MI', 'Homer', 49245, 42.1476, -84.8223),
(762, 'MI', 'Honor', 49640, 44.7107, -86.0630),
(764, 'MI', 'Hope', 48628, 43.7911, -84.3268),
(766, 'MI', 'Hopkins', 49328, 42.6180, -85.7212),
(767, 'MI', 'Horton', 49246, 42.1181, -84.5148),
(769, 'MI', 'Houghton', 49931, 47.1544, -88.6471),
(771, 'MI', 'Houghton Lake', 48629, 44.2915, -84.7340),
(772, 'MI', 'Houghton Lake Heights', 48630, 44.3275, -84.7745),
(774, 'MI', 'Howard City', 49329, 43.4029, -85.5026),
(775, 'MI', 'Howell', 48843, 42.5682, -83.9062),
(776, 'MI', 'Howell', 48844, 42.6073, -83.9294),
(777, 'MI', 'Howell', 48855, 42.6990, -83.8860),
(779, 'MI', 'Hubbard Lake', 49747, 44.8651, -83.6272),
(780, 'MI', 'Hubbardston', 48845, 43.1029, -84.8622),
(782, 'MI', 'Hubbell', 49934, 47.1733, -88.4293),
(784, 'MI', 'Hudson', 49247, 41.8538, -84.3342),
(786, 'MI', 'Hudsonville', 49426, 42.8555, -85.8828),
(787, 'MI', 'Hulbert', 49748, 46.3542, -85.1501),
(789, 'MI', 'Huntington Woods', 48070, 42.4816, -83.1680),
(791, 'MI', 'Ida', 48140, 41.8891, -83.5780),
(792, 'MI', 'Idlewild', 49642, 43.8829, -85.7736),
(794, 'MI', 'Imlay City', 48444, 43.0680, -83.0379),
(796, 'MI', 'Indian River', 49749, 45.4176, -84.5809),
(797, 'MI', 'Ingalls', 49848, 45.3766, -87.6414),
(799, 'MI', 'Inkster', 48141, 42.2933, -83.3147),
(801, 'MI', 'Interlochen', 49643, 44.6288, -85.8383),
(803, 'MI', 'Ionia', 48846, 43.0320, -85.0575),
(805, 'MI', 'Iron Mountain', 49801, 45.9278, -87.9944),
(807, 'MI', 'Iron River', 49935, 46.1710, -88.7371),
(808, 'MI', 'Irons', 49644, 44.0992, -85.9235),
(810, 'MI', 'Ironwood', 49938, 46.4823, -90.1540),
(812, 'MI', 'Ishpeming', 49849, 46.4553, -87.6934),
(814, 'MI', 'Ithaca', 48847, 43.2772, -84.5740),
(815, 'MI', 'Jackson', 49201, 42.2527, -84.2889),
(816, 'MI', 'Jackson', 49202, 42.2749, -84.4017),
(817, 'MI', 'Jackson', 49203, 42.2127, -84.3957),
(818, 'MI', 'Jackson', 49204, 42.2459, -84.4013),
(820, 'MI', 'Jamestown', 49427, 42.8256, -85.8425),
(822, 'MI', 'Jasper', 49248, 41.7701, -83.9991),
(823, 'MI', 'Jeddo', 48032, 43.1357, -82.5855),
(824, 'MI', 'Jenison', 49428, 42.9156, -85.8464),
(825, 'MI', 'Jenison', 49429, 42.9072, -85.7920),
(827, 'MI', 'Jerome', 49249, 42.0312, -84.4549),
(828, 'MI', 'Johannesburg', 49751, 44.9894, -84.4221),
(829, 'MI', 'Jones', 49061, 41.8787, -85.7942),
(831, 'MI', 'Jonesville', 49250, 42.0154, -84.6086),
(832, 'MI', 'Kalamazoo', 49001, 42.2694, -85.5602),
(833, 'MI', 'Kalamazoo', 49003, 42.2917, -85.5872),
(834, 'MI', 'Kalamazoo', 49004, 42.3541, -85.5470),
(835, 'MI', 'Kalamazoo', 49005, 42.2917, -85.5872),
(836, 'MI', 'Kalamazoo', 49006, 42.3044, -85.6292),
(837, 'MI', 'Kalamazoo', 49007, 42.3005, -85.5902),
(838, 'MI', 'Kalamazoo', 49008, 42.2683, -85.6167),
(839, 'MI', 'Kalamazoo', 49009, 42.2924, -85.6908),
(840, 'MI', 'Kalamazoo', 49019, 42.2917, -85.5872),
(841, 'MI', 'Kalamazoo', 49048, 42.2405, -85.4842),
(842, 'MI', 'Kaleva', 49645, 44.3790, -86.0318),
(844, 'MI', 'Kalkaska', 49646, 44.7208, -85.0902),
(846, 'MI', 'Kawkawlin', 48631, 43.6884, -84.0086),
(848, 'MI', 'Keego Harbor', 48320, 42.6110, -83.3384),
(849, 'MI', 'Kendall', 49062, 42.3617, -85.8133),
(851, 'MI', 'Kent City', 49330, 43.2496, -85.7411),
(852, 'MI', 'Kewadin', 49648, 45.0011, -85.3560),
(853, 'MI', 'Kincheloe', 49784, 46.4108, -84.3365),
(854, 'MI', 'Kincheloe', 49786, 46.4108, -84.3365),
(855, 'MI', 'Kincheloe', 49788, 46.2692, -84.4718),
(857, 'MI', 'Kinde', 48445, 43.9598, -83.0237),
(859, 'MI', 'Kingsford', 49802, 45.8073, -88.0706),
(860, 'MI', 'Kingsley', 49649, 44.5483, -85.5349),
(862, 'MI', 'Kingston', 48741, 43.4059, -83.1951),
(863, 'MI', 'Kinross', 49752, 46.2805, -84.4136),
(864, 'MI', 'La Salle', 48145, 41.8502, -83.4689),
(865, 'MI', 'Lachine', 49753, 45.0234, -83.7614),
(866, 'MI', 'Lacota', 49063, 42.4136, -86.1298),
(868, 'MI', 'Laingsburg', 48848, 42.8776, -84.3822),
(869, 'MI', 'Lake', 48632, 43.8391, -85.0253),
(870, 'MI', 'Lake Ann', 49650, 44.7332, -85.8868),
(872, 'MI', 'Lake City', 49651, 44.3819, -85.1367),
(873, 'MI', 'Lake George', 48633, 43.9633, -84.9470),
(875, 'MI', 'Lake Leelanau', 49653, 44.9848, -85.7447),
(876, 'MI', 'Lake Linden', 49945, 47.1421, -88.2447),
(878, 'MI', 'Lake Odessa', 48849, 42.8032, -85.1433),
(879, 'MI', 'Lake Orion', 48359, 42.7251, -83.2716),
(880, 'MI', 'Lake Orion', 48360, 42.7453, -83.2726),
(881, 'MI', 'Lake Orion', 48361, 42.7845, -83.2397),
(882, 'MI', 'Lake Orion', 48362, 42.7816, -83.2748),
(883, 'MI', 'Lakeland', 48143, 42.4634, -83.8441),
(884, 'MI', 'Lakeside', 49116, 41.8546, -86.6643),
(886, 'MI', 'Lakeview', 48850, 43.4384, -85.2574),
(888, 'MI', 'Lakeville', 48366, 42.8033, -83.1841),
(890, 'MI', 'Lambertville', 48144, 41.7530, -83.6319),
(891, 'MI', 'Lamont', 49430, 43.0086, -85.9061),
(892, 'MI', 'Lanse', 49946, 46.7864, -88.3192),
(893, 'MI', 'Lansing', 48901, 42.7325, -84.5555),
(894, 'MI', 'Lansing', 48906, 42.7826, -84.5846),
(895, 'MI', 'Lansing', 48907, 42.7325, -84.5555),
(896, 'MI', 'Lansing', 48908, 42.7325, -84.5555),
(897, 'MI', 'Lansing', 48909, 42.7325, -84.5555),
(898, 'MI', 'Lansing', 48910, 42.6973, -84.5303),
(899, 'MI', 'Lansing', 48911, 42.6803, -84.5631),
(900, 'MI', 'Lansing', 48912, 42.7422, -84.5255),
(901, 'MI', 'Lansing', 48913, 42.5992, -84.3720),
(902, 'MI', 'Lansing', 48915, 42.7394, -84.5698),
(903, 'MI', 'Lansing', 48916, 42.5992, -84.3720),
(904, 'MI', 'Lansing', 48917, 42.7257, -84.6360),
(905, 'MI', 'Lansing', 48918, 42.5992, -84.3720),
(906, 'MI', 'Lansing', 48919, 42.7286, -84.5517),
(907, 'MI', 'Lansing', 48921, 42.7237, -84.5556),
(908, 'MI', 'Lansing', 48922, 42.7325, -84.5587),
(909, 'MI', 'Lansing', 48924, 42.5992, -84.3720),
(910, 'MI', 'Lansing', 48929, 42.7325, -84.5587),
(911, 'MI', 'Lansing', 48930, 42.7325, -84.5587),
(912, 'MI', 'Lansing', 48933, 42.7320, -84.5539),
(913, 'MI', 'Lansing', 48937, 42.7487, -84.5590),
(914, 'MI', 'Lansing', 48951, 42.7325, -84.5555),
(915, 'MI', 'Lansing', 48956, 42.7325, -84.5587),
(917, 'MI', 'Lapeer', 48446, 43.0519, -83.3346),
(919, 'MI', 'Lawrence', 49064, 42.2148, -86.0424),
(921, 'MI', 'Lawton', 49065, 42.1349, -85.8425),
(922, 'MI', 'Leland', 49654, 45.0337, -85.7514),
(924, 'MI', 'Lennon', 48449, 43.0025, -83.9427),
(926, 'MI', 'Leonard', 48367, 42.8437, -83.1409),
(927, 'MI', 'Leonidas', 49066, 42.0319, -85.3480),
(928, 'MI', 'Leroy', 49655, 44.0190, -85.4544),
(930, 'MI', 'Leslie', 49251, 42.4729, -84.4011),
(931, 'MI', 'Levering', 49755, 45.6672, -84.8223),
(933, 'MI', 'Lewiston', 49756, 44.8015, -84.2427),
(935, 'MI', 'Lexington', 48450, 43.2561, -82.5395),
(936, 'MI', 'Lincoln', 48742, 44.7243, -83.4550),
(938, 'MI', 'Lincoln Park', 48146, 42.2462, -83.1790),
(940, 'MI', 'Linden', 48451, 42.7977, -83.8178),
(941, 'MI', 'Linwood', 48634, 43.7608, -84.0513),
(943, 'MI', 'Litchfield', 49252, 42.0464, -84.7725),
(944, 'MI', 'Little Lake', 49833, 46.2734, -87.3017),
(945, 'MI', 'Livonia', 48150, 42.3684, -83.3720),
(946, 'MI', 'Livonia', 48151, 42.3684, -83.3527),
(947, 'MI', 'Livonia', 48152, 42.4250, -83.3744),
(948, 'MI', 'Livonia', 48153, 42.3684, -83.3527),
(949, 'MI', 'Livonia', 48154, 42.3971, -83.3732),
(950, 'MI', 'Long Lake', 48743, 44.4401, -83.8741),
(951, 'MI', 'Loretto', 49852, 45.7815, -87.8167),
(953, 'MI', 'Lowell', 49331, 42.9982, -85.3594),
(955, 'MI', 'Ludington', 49431, 43.9624, -86.3979),
(956, 'MI', 'Luna Pier', 48157, 41.8102, -83.4453),
(957, 'MI', 'Lupton', 48635, 44.4105, -83.9987),
(958, 'MI', 'Luther', 49656, 44.0523, -85.7031),
(959, 'MI', 'Luzerne', 48636, 44.5976, -84.2683),
(960, 'MI', 'Lyons', 48851, 42.9548, -84.9634),
(961, 'MI', 'Macatawa', 49434, 42.7697, -86.2061),
(963, 'MI', 'Mackinac Island', 49757, 45.8658, -84.6271),
(965, 'MI', 'Mackinaw City', 49701, 45.7554, -84.6961),
(966, 'MI', 'Macomb', 48042, 42.6735, -82.9165),
(967, 'MI', 'Macomb', 48044, 42.6503, -82.9257),
(969, 'MI', 'Madison Heights', 48071, 42.5053, -83.1052),
(971, 'MI', 'Mancelona', 49659, 44.9062, -85.0293),
(973, 'MI', 'Manchester', 48158, 42.1616, -84.0238),
(974, 'MI', 'Manistee', 49660, 44.2072, -86.1957),
(976, 'MI', 'Manistique', 49854, 46.0442, -86.3025),
(978, 'MI', 'Manitou Beach', 49253, 41.9756, -84.2686),
(979, 'MI', 'Manton', 49663, 44.4257, -85.4042),
(981, 'MI', 'Maple City', 49664, 44.8719, -85.8916),
(982, 'MI', 'Maple Rapids', 48853, 43.1048, -84.6919),
(983, 'MI', 'Marcellus', 49067, 42.0312, -85.8065),
(984, 'MI', 'Marenisco', 49947, 46.4405, -89.6640),
(986, 'MI', 'Marine City', 48039, 42.6914, -82.5496),
(988, 'MI', 'Marion', 49665, 44.0853, -85.1254),
(990, 'MI', 'Marlette', 48453, 43.3530, -83.0142),
(992, 'MI', 'Marne', 49435, 43.0271, -85.8338),
(994, 'MI', 'Marquette', 49855, 46.6288, -87.4796),
(995, 'MI', 'Marshall', 49068, 42.2607, -84.9441),
(996, 'MI', 'Marshall', 49069, 42.2045, -84.9499),
(998, 'MI', 'Martin', 49070, 42.5439, -85.6222),
(1000, 'MI', 'Marysville', 48040, 42.9066, -82.4767),
(1002, 'MI', 'Mason', 48854, 42.5797, -84.4603),
(1003, 'MI', 'Mass City', 49948, 46.7269, -88.9919),
(1005, 'MI', 'Mattawan', 49071, 42.2322, -85.7736),
(1006, 'MI', 'Maybee', 48159, 42.0310, -83.5560),
(1007, 'MI', 'Mayfield', 49666, 44.6261, -85.5287),
(1009, 'MI', 'Mayville', 48744, 43.3378, -83.3727),
(1013, 'MI', 'Mcbain', 49657, 44.2287, -85.1604),
(1014, 'MI', 'Mcbrides', 48852, 43.3507, -85.0507),
(1015, 'MI', 'Mcmillan', 49853, 46.3529, -85.7353),
(1017, 'MI', 'Mears', 49436, 43.6901, -86.4692),
(1018, 'MI', 'Mecosta', 49332, 43.6205, -85.2544),
(1020, 'MI', 'Melvin', 48454, 43.2050, -82.8384),
(1022, 'MI', 'Melvindale', 48122, 42.2812, -83.1795),
(1024, 'MI', 'Memphis', 48041, 42.9321, -82.8028),
(1026, 'MI', 'Mendon', 49072, 42.0196, -85.4693),
(1028, 'MI', 'Menominee', 49858, 45.2342, -87.5643),
(1029, 'MI', 'Merrill', 48637, 43.4137, -84.3316),
(1030, 'MI', 'Merritt', 49667, 44.3869, -84.9428),
(1031, 'MI', 'Mesick', 49668, 44.4122, -85.6971),
(1033, 'MI', 'Metamora', 48455, 42.9431, -83.2998),
(1034, 'MI', 'Michigamme', 49861, 46.5275, -88.1459),
(1036, 'MI', 'Michigan Center', 49254, 42.2303, -84.3176),
(1037, 'MI', 'Middleton', 48856, 43.1979, -84.7384),
(1039, 'MI', 'Middleville', 49333, 42.6862, -85.4515),
(1040, 'MI', 'Midland', 48640, 43.5824, -84.3578),
(1041, 'MI', 'Midland', 48641, 43.6156, -84.2472),
(1042, 'MI', 'Midland', 48642, 43.7053, -84.2377),
(1043, 'MI', 'Midland', 48667, 43.6473, -84.3873),
(1044, 'MI', 'Midland', 48670, 43.6375, -84.2568),
(1045, 'MI', 'Midland', 48674, 43.6129, -84.1971),
(1046, 'MI', 'Midland', 48686, 43.6473, -84.3873),
(1047, 'MI', 'Mikado', 48745, 44.5761, -83.4783),
(1049, 'MI', 'Milan', 48160, 42.0838, -83.6585),
(1050, 'MI', 'Milford', 48380, 42.5797, -83.6722),
(1051, 'MI', 'Milford', 48381, 42.5626, -83.6099),
(1052, 'MI', 'Millersburg', 49759, 45.4123, -84.1073),
(1054, 'MI', 'Millington', 48746, 43.2584, -83.5446),
(1056, 'MI', 'Minden City', 48456, 43.6775, -82.7438),
(1058, 'MI', 'Mio', 48647, 44.6955, -84.0896),
(1060, 'MI', 'Mohawk', 49950, 47.3472, -88.1151),
(1062, 'MI', 'Moline', 49335, 42.7392, -85.6639),
(1063, 'MI', 'Monroe', 48161, 41.9115, -83.4651),
(1064, 'MI', 'Monroe', 48162, 41.9505, -83.4457),
(1066, 'MI', 'Montague', 49437, 43.4547, -86.3453),
(1067, 'MI', 'Montgomery', 49255, 41.7609, -84.8680),
(1069, 'MI', 'Montrose', 48457, 43.1908, -83.9167),
(1070, 'MI', 'Moran', 49760, 46.0727, -84.9547),
(1072, 'MI', 'Morenci', 49256, 41.7606, -84.2282),
(1074, 'MI', 'Morley', 49336, 43.4967, -85.4234),
(1076, 'MI', 'Morrice', 48857, 42.8497, -84.1454),
(1077, 'MI', 'Moscow', 49257, 42.0495, -84.5100),
(1078, 'MI', 'Mosherville', 49258, 42.0603, -84.6594),
(1079, 'MI', 'Mount Clemens', 48043, 42.5979, -82.8796),
(1080, 'MI', 'Mount Clemens', 48046, 42.5973, -82.8780),
(1081, 'MI', 'Mount Morris', 48458, 43.1225, -83.6863),
(1082, 'MI', 'Mount Pleasant', 48804, 43.5978, -84.7675),
(1083, 'MI', 'Mount Pleasant', 48858, 43.6147, -84.7927),
(1084, 'MI', 'Mount Pleasant', 48859, 43.5647, -84.8473),
(1085, 'MI', 'Muir', 48860, 43.0496, -84.9000),
(1086, 'MI', 'Mullett Lake', 49761, 45.5620, -84.5256),
(1087, 'MI', 'Mulliken', 48861, 42.7291, -84.9176),
(1089, 'MI', 'Munger', 48747, 43.5225, -83.7590),
(1091, 'MI', 'Munising', 49862, 46.3424, -86.7798),
(1093, 'MI', 'Munith', 49259, 42.3733, -84.2585),
(1094, 'MI', 'Muskegon', 49440, 43.2348, -86.2522),
(1095, 'MI', 'Muskegon', 49441, 43.1772, -86.2732),
(1096, 'MI', 'Muskegon', 49442, 43.2486, -86.1383),
(1097, 'MI', 'Muskegon', 49443, 43.2342, -86.2484),
(1098, 'MI', 'Muskegon', 49444, 43.1746, -86.1834),
(1099, 'MI', 'Muskegon', 49445, 43.3002, -86.2734),
(1100, 'MI', 'Nadeau', 49863, 45.6089, -87.5529),
(1101, 'MI', 'Nahma', 49864, 45.8416, -86.6640),
(1103, 'MI', 'Napoleon', 49261, 42.1606, -84.2461),
(1105, 'MI', 'Nashville', 49073, 42.5852, -85.1196),
(1106, 'MI', 'National City', 48748, 44.3371, -83.6377),
(1107, 'MI', 'National Mine', 49865, 46.4577, -87.6818),
(1108, 'MI', 'Naubinway', 49762, 46.1425, -85.3597),
(1109, 'MI', 'Nazareth', 49074, 42.2881, -85.5987),
(1111, 'MI', 'Negaunee', 49866, 46.5172, -87.6034),
(1112, 'MI', 'New Baltimore', 48047, 42.6757, -82.7773),
(1113, 'MI', 'New Baltimore', 48051, 42.6753, -82.8385),
(1115, 'MI', 'New Boston', 48164, 42.1260, -83.3913),
(1117, 'MI', 'New Buffalo', 49117, 41.7939, -86.7405),
(1119, 'MI', 'New Era', 49446, 43.5445, -86.3884),
(1120, 'MI', 'New Haven', 48048, 42.7418, -82.7954),
(1121, 'MI', 'New Haven', 48050, 42.7859, -82.7979),
(1123, 'MI', 'New Hudson', 48165, 42.4982, -83.6176),
(1125, 'MI', 'New Lothrop', 48460, 43.1318, -83.9991),
(1126, 'MI', 'New Troy', 49119, 41.8764, -86.5497),
(1128, 'MI', 'Newaygo', 49337, 43.4332, -85.7110),
(1130, 'MI', 'Newberry', 49868, 46.5001, -85.5507),
(1132, 'MI', 'Newport', 48166, 41.9828, -83.2979),
(1133, 'MI', 'Niles', 49120, 41.8439, -86.2164),
(1134, 'MI', 'Niles', 49121, 42.0016, -86.7153),
(1135, 'MI', 'Nisula', 49952, 46.7433, -88.8362),
(1137, 'MI', 'North Adams', 49262, 41.9640, -84.4731),
(1139, 'MI', 'North Branch', 48461, 43.1957, -83.2118),
(1141, 'MI', 'North Star', 48862, 43.2484, -84.5433),
(1142, 'MI', 'North Street', 48049, 43.0363, -82.5748),
(1144, 'MI', 'Northport', 49670, 45.1254, -85.6251),
(1145, 'MI', 'Northville', 48167, 42.4165, -83.5297),
(1146, 'MI', 'Northville', 48168, 42.4312, -83.4833),
(1147, 'MI', 'Norvell', 49263, 42.1575, -84.1841),
(1149, 'MI', 'Norway', 49870, 45.8587, -87.9257),
(1150, 'MI', 'Nottawa', 49075, 41.9189, -85.4489),
(1151, 'MI', 'Novi', 48374, 42.4687, -83.5235),
(1152, 'MI', 'Novi', 48375, 42.4634, -83.4646),
(1153, 'MI', 'Novi', 48376, 42.4806, -83.4755),
(1154, 'MI', 'Novi', 48377, 42.5038, -83.4764),
(1156, 'MI', 'Nunica', 49448, 43.1010, -86.0765),
(1157, 'MI', 'Oak Grove', 48863, 42.6203, -83.2391),
(1159, 'MI', 'Oak Park', 48237, 42.4666, -83.1782),
(1161, 'MI', 'Oakland', 48363, 42.7698, -83.1583),
(1162, 'MI', 'Oakley', 48649, 43.1613, -84.2068),
(1163, 'MI', 'Oden', 49764, 45.4236, -84.8281),
(1164, 'MI', 'Okemos', 48805, 42.7223, -84.4275),
(1165, 'MI', 'Okemos', 48864, 42.7042, -84.4098),
(1166, 'MI', 'Old Mission', 49673, 44.9622, -85.4854),
(1168, 'MI', 'Olivet', 49076, 42.4364, -84.8855),
(1169, 'MI', 'Omena', 49674, 45.0632, -85.6215),
(1170, 'MI', 'Omer', 48749, 44.0588, -83.8768),
(1171, 'MI', 'Onaway', 49765, 45.3785, -84.2573),
(1172, 'MI', 'Onekama', 49675, 44.3745, -86.2207),
(1174, 'MI', 'Onondaga', 49264, 42.4457, -84.5538),
(1176, 'MI', 'Onsted', 49265, 42.0076, -84.1661),
(1177, 'MI', 'Ontonagon', 49953, 46.7781, -89.5968),
(1179, 'MI', 'Orleans', 48865, 43.0791, -85.1049),
(1181, 'MI', 'Ortonville', 48462, 42.8514, -83.4376),
(1183, 'MI', 'Oscoda', 48750, 44.4532, -83.5409),
(1184, 'MI', 'Oshtemo', 49077, 42.2589, -85.6775),
(1186, 'MI', 'Osseo', 49266, 41.8220, -84.5452),
(1187, 'MI', 'Ossineke', 49766, 44.9439, -83.4934),
(1189, 'MI', 'Otisville', 48463, 43.1623, -83.5238),
(1191, 'MI', 'Otsego', 49078, 42.4387, -85.7371),
(1193, 'MI', 'Ottawa Lake', 49267, 41.7672, -83.7341),
(1194, 'MI', 'Otter Lake', 48464, 43.2249, -83.4112),
(1195, 'MI', 'Ovid', 48866, 42.9848, -84.3746),
(1196, 'MI', 'Owendale', 48754, 43.7301, -83.2282),
(1198, 'MI', 'Owosso', 48867, 42.9965, -84.1874),
(1199, 'MI', 'Oxford', 48370, 42.8382, -83.2004),
(1200, 'MI', 'Oxford', 48371, 42.8534, -83.2956),
(1201, 'MI', 'Painesdale', 49955, 47.0433, -88.6723),
(1202, 'MI', 'Palmer', 49871, 46.4408, -87.5932),
(1203, 'MI', 'Palms', 48465, 43.6140, -82.7062),
(1204, 'MI', 'Palmyra', 49268, 41.8695, -83.9297),
(1205, 'MI', 'Palo', 48870, 43.1125, -84.9856),
(1206, 'MI', 'Paradise', 49768, 46.6552, -85.0953),
(1207, 'MI', 'Paris', 49338, 43.7482, -85.6216),
(1209, 'MI', 'Parma', 49269, 42.2984, -84.5972),
(1211, 'MI', 'Paw Paw', 49079, 42.2223, -85.9043),
(1212, 'MI', 'Peck', 48466, 43.2804, -82.8137),
(1213, 'MI', 'Pelkie', 49958, 46.8162, -88.6494),
(1215, 'MI', 'Pellston', 49769, 45.5740, -84.8265),
(1216, 'MI', 'Pentwater', 49449, 43.7922, -86.3664),
(1217, 'MI', 'Perkins', 49872, 45.9974, -87.0926),
(1218, 'MI', 'Perrinton', 48871, 43.1649, -84.6886),
(1219, 'MI', 'Perronville', 49873, 45.8782, -87.5114),
(1221, 'MI', 'Perry', 48872, 42.8038, -84.2134),
(1223, 'MI', 'Petersburg', 49270, 41.8688, -83.6810),
(1225, 'MI', 'Petoskey', 49770, 45.3449, -84.9150),
(1226, 'MI', 'Pewamo', 48873, 42.9858, -84.8431),
(1227, 'MI', 'Pickford', 49774, 46.1798, -84.3086),
(1228, 'MI', 'Pierson', 49339, 43.3378, -85.4872),
(1230, 'MI', 'Pigeon', 48755, 43.8313, -83.2938),
(1232, 'MI', 'Pinckney', 48169, 42.4581, -83.9468),
(1234, 'MI', 'Pinconning', 48650, 43.8477, -84.0225),
(1235, 'MI', 'Pittsford', 49271, 41.8503, -84.4483),
(1237, 'MI', 'Plainwell', 49080, 42.4825, -85.5787),
(1238, 'MI', 'Pleasant Lake', 49272, 42.3878, -84.3525),
(1240, 'MI', 'Pleasant Ridge', 48069, 42.4715, -83.1430),
(1242, 'MI', 'Plymouth', 48170, 42.3655, -83.5367),
(1243, 'MI', 'Pointe Aux Pins', 49775, 45.7700, -84.4732),
(1244, 'MI', 'Pompeii', 48874, 43.1839, -84.6008),
(1245, 'MI', 'Pontiac', 48340, 42.6666, -83.2882),
(1246, 'MI', 'Pontiac', 48341, 42.6315, -83.2907),
(1247, 'MI', 'Pontiac', 48342, 42.6440, -83.2796),
(1248, 'MI', 'Pontiac', 48343, 42.6389, -83.2910),
(1250, 'MI', 'Port Austin', 48467, 44.0042, -82.9822),
(1251, 'MI', 'Port Hope', 48468, 43.9466, -82.7695),
(1252, 'MI', 'Port Huron', 48060, 42.9875, -82.4666),
(1253, 'MI', 'Port Huron', 48061, 42.9709, -82.4249),
(1255, 'MI', 'Port Sanilac', 48469, 43.4450, -82.5557),
(1256, 'MI', 'Portage', 49002, 42.1975, -85.5556),
(1257, 'MI', 'Portage', 49024, 42.2011, -85.6169),
(1258, 'MI', 'Portage', 49081, 42.2011, -85.5800),
(1260, 'MI', 'Portland', 48875, 42.8627, -84.9955),
(1261, 'MI', 'Posen', 49776, 45.2569, -83.6903),
(1262, 'MI', 'Potterville', 48876, 42.6470, -84.7377),
(1264, 'MI', 'Powers', 49874, 45.7052, -87.4715),
(1265, 'MI', 'Prescott', 48756, 44.2374, -83.9851),
(1266, 'MI', 'Presque Isle', 49777, 45.2835, -83.5022),
(1268, 'MI', 'Prudenville', 48651, 44.2475, -84.6427),
(1269, 'MI', 'Pullman', 49450, 42.4917, -86.0786),
(1271, 'MI', 'Quincy', 49082, 41.9491, -84.8816),
(1273, 'MI', 'Quinnesec', 49876, 45.7901, -87.9832),
(1274, 'MI', 'Ralph', 49877, 46.1086, -87.7837),
(1275, 'MI', 'Ramsay', 49959, 46.4702, -89.9966),
(1276, 'MI', 'Rapid City', 49676, 44.8166, -85.2492),
(1277, 'MI', 'Rapid River', 49878, 45.9542, -86.8154),
(1279, 'MI', 'Ravenna', 49451, 43.2060, -85.9689),
(1281, 'MI', 'Ray', 48096, 42.7613, -82.9196),
(1282, 'MI', 'Reading', 49274, 41.8446, -84.7495),
(1283, 'MI', 'Redford', 48239, 42.3758, -83.2808),
(1284, 'MI', 'Redford', 48240, 42.4241, -83.3009),
(1286, 'MI', 'Reed City', 49677, 43.8901, -85.5036),
(1288, 'MI', 'Reese', 48757, 43.4868, -83.6773),
(1290, 'MI', 'Remus', 49340, 43.6325, -85.0763),
(1291, 'MI', 'Republic', 49879, 46.3565, -88.0655),
(1293, 'MI', 'Rhodes', 48652, 43.8548, -84.2058),
(1295, 'MI', 'Richland', 49083, 42.3763, -85.4597),
(1297, 'MI', 'Richmond', 48062, 42.8446, -82.8000),
(1298, 'MI', 'Richville', 48758, 43.4092, -83.6772),
(1300, 'MI', 'Riga', 49276, 41.7975, -83.7720),
(1302, 'MI', 'River Rouge', 48218, 42.2658, -83.1314),
(1303, 'MI', 'Riverdale', 48877, 43.3973, -84.8457),
(1304, 'MI', 'Riverside', 49084, 42.5589, -82.6302),
(1306, 'MI', 'Riverview', 48193, 42.1742, -83.1794),
(1308, 'MI', 'Rives Junction', 49277, 42.3781, -84.4798),
(1309, 'MI', 'Rochester', 48306, 42.7286, -83.1476),
(1310, 'MI', 'Rochester', 48307, 42.6599, -83.1237),
(1311, 'MI', 'Rochester', 48308, 42.6806, -83.1338),
(1312, 'MI', 'Rochester', 48309, 42.6580, -83.1843),
(1313, 'MI', 'Rock', 49880, 46.0939, -87.2160),
(1314, 'MI', 'Rockford', 49341, 43.1188, -85.4943),
(1315, 'MI', 'Rockford', 49351, 43.0314, -85.5503),
(1316, 'MI', 'Rockland', 49960, 46.7380, -89.1796),
(1318, 'MI', 'Rockwood', 48173, 42.0746, -83.2267),
(1320, 'MI', 'Rodney', 49342, 43.6960, -85.3281),
(1321, 'MI', 'Rogers City', 49779, 45.4047, -83.8514),
(1323, 'MI', 'Romeo', 48065, 42.8436, -83.0403),
(1325, 'MI', 'Romulus', 48174, 42.2030, -83.3166),
(1327, 'MI', 'Roscommon', 48653, 44.4669, -84.6129),
(1329, 'MI', 'Rose City', 48654, 44.4719, -84.1297),
(1331, 'MI', 'Rosebush', 48878, 43.7130, -84.7653),
(1333, 'MI', 'Roseville', 48066, 42.5096, -82.9361),
(1334, 'MI', 'Rothbury', 49452, 43.5134, -86.2813),
(1335, 'MI', 'Royal Oak', 48067, 42.4895, -83.1419),
(1336, 'MI', 'Royal Oak', 48068, 42.4895, -83.1446),
(1337, 'MI', 'Royal Oak', 48073, 42.5216, -83.1633),
(1338, 'MI', 'Royal Oak', 66666, 42.4895, -83.1446),
(1339, 'MI', 'Rudyard', 49780, 46.1997, -84.7548),
(1340, 'MI', 'Rumely', 49826, 46.3715, -87.0071),
(1341, 'MI', 'Ruth', 48470, 43.7399, -82.7497),
(1342, 'MI', 'Saginaw', 48601, 43.4155, -83.8991),
(1343, 'MI', 'Saginaw', 48602, 43.4161, -83.9709),
(1344, 'MI', 'Saginaw', 48603, 43.4441, -84.0255),
(1345, 'MI', 'Saginaw', 48604, 43.4809, -83.9682),
(1346, 'MI', 'Saginaw', 48605, 43.4195, -83.9508),
(1347, 'MI', 'Saginaw', 48606, 43.4314, -83.9784),
(1348, 'MI', 'Saginaw', 48607, 43.4312, -83.9337),
(1349, 'MI', 'Saginaw', 48608, 43.4195, -83.9508),
(1350, 'MI', 'Saginaw', 48609, 43.4003, -84.0728),
(1351, 'MI', 'Saginaw', 48638, 43.4195, -83.9508),
(1352, 'MI', 'Saginaw', 48663, 43.4673, -83.9755),
(1353, 'MI', 'Sagola', 49881, 46.0667, -87.9612),
(1355, 'MI', 'Saint Charles', 48655, 43.2911, -84.1707),
(1357, 'MI', 'Saint Clair', 48079, 42.8549, -82.5461),
(1358, 'MI', 'Saint Clair Shores', 48080, 42.4655, -82.9013),
(1359, 'MI', 'Saint Clair Shores', 48081, 42.4938, -82.8985),
(1360, 'MI', 'Saint Clair Shores', 48082, 42.5256, -82.8836),
(1361, 'MI', 'Saint Helen', 48656, 44.3581, -84.4744),
(1363, 'MI', 'Saint Ignace', 49781, 45.9976, -84.7107),
(1365, 'MI', 'Saint Johns', 48879, 43.0125, -84.5722),
(1367, 'MI', 'Saint Joseph', 49085, 42.0569, -86.4563),
(1368, 'MI', 'Saint Louis', 48880, 43.4443, -84.5634),
(1369, 'MI', 'Salem', 48175, 42.4061, -83.5799),
(1371, 'MI', 'Saline', 48176, 42.1482, -83.8148),
(1372, 'MI', 'Samaria', 48177, 41.8081, -83.5783),
(1374, 'MI', 'Sand Creek', 49279, 41.7775, -84.1077),
(1376, 'MI', 'Sand Lake', 49343, 43.3082, -85.5120),
(1378, 'MI', 'Sandusky', 48471, 43.4201, -82.8577),
(1380, 'MI', 'Sanford', 48657, 43.7123, -84.4223),
(1382, 'MI', 'Saranac', 48881, 42.9084, -85.2032),
(1384, 'MI', 'Saugatuck', 49453, 42.6656, -86.1742),
(1386, 'MI', 'Sault Sainte Marie', 49783, 46.4091, -84.3537),
(1388, 'MI', 'Sawyer', 49125, 41.8926, -86.5723),
(1390, 'MI', 'Schoolcraft', 49087, 42.1331, -85.6851),
(1392, 'MI', 'Scotts', 49088, 42.1869, -85.4274),
(1394, 'MI', 'Scottville', 49454, 43.9334, -86.2641),
(1396, 'MI', 'Sears', 49679, 43.8832, -85.1555),
(1398, 'MI', 'Sebewaing', 48759, 43.7396, -83.3934),
(1399, 'MI', 'Seneca', 49280, 41.7878, -84.1782),
(1400, 'MI', 'Seney', 49883, 46.4454, -86.0276),
(1401, 'MI', 'Shaftsburg', 48882, 42.8047, -84.2930),
(1403, 'MI', 'Shelby', 49455, 43.6101, -86.3495),
(1405, 'MI', 'Shelbyville', 49344, 42.5880, -85.5863),
(1406, 'MI', 'Shepherd', 48883, 43.5786, -84.5873),
(1407, 'MI', 'Sheridan', 48884, 43.2064, -85.0586),
(1408, 'MI', 'Sherwood', 49089, 41.9984, -85.2344),
(1410, 'MI', 'Shingleton', 49884, 46.4532, -86.4423),
(1411, 'MI', 'Sidnaw', 49961, 46.5047, -88.7085),
(1413, 'MI', 'Sidney', 48885, 43.2479, -85.1428),
(1414, 'MI', 'Silverwood', 48760, 43.3268, -83.2593),
(1415, 'MI', 'Six Lakes', 48886, 43.4229, -85.1714),
(1416, 'MI', 'Skandia', 49885, 46.3374, -87.1727),
(1417, 'MI', 'Skanee', 49962, 46.8610, -88.1465),
(1419, 'MI', 'Smiths Creek', 48074, 42.9485, -82.5620),
(1420, 'MI', 'Smyrna', 48887, 43.0595, -85.2628),
(1421, 'MI', 'Snover', 48472, 43.5047, -82.9515),
(1422, 'MI', 'Sodus', 49126, 42.0248, -86.3742);
INSERT INTO `a5_locations` (`locationID`, `state`, `location_name`, `zipcode`, `latitude`, `longitude`) VALUES
(1423, 'MI', 'Somerset', 49281, 42.0484, -84.3766),
(1424, 'MI', 'Somerset Center', 49282, 42.0337, -84.4052),
(1425, 'MI', 'South Boardman', 49680, 44.6388, -85.2544),
(1426, 'MI', 'South Branch', 48761, 44.5359, -83.9550),
(1428, 'MI', 'South Haven', 49090, 42.4231, -86.2187),
(1430, 'MI', 'South Lyon', 48178, 42.4414, -83.6542),
(1431, 'MI', 'South Range', 49963, 47.0699, -88.6432),
(1432, 'MI', 'South Rockwood', 48179, 42.0413, -83.2614),
(1433, 'MI', 'Southfield', 48033, 42.4734, -83.2219),
(1434, 'MI', 'Southfield', 48034, 42.4753, -83.2845),
(1435, 'MI', 'Southfield', 48037, 42.4734, -83.2219),
(1436, 'MI', 'Southfield', 48075, 42.4650, -83.2307),
(1437, 'MI', 'Southfield', 48076, 42.4969, -83.2321),
(1438, 'MI', 'Southfield', 48086, 42.4734, -83.2219),
(1440, 'MI', 'Southgate', 48195, 42.2061, -83.2060),
(1442, 'MI', 'Spalding', 49886, 45.6941, -87.4877),
(1444, 'MI', 'Sparta', 49345, 43.1542, -85.6857),
(1446, 'MI', 'Spring Arbor', 49283, 42.1975, -84.5648),
(1448, 'MI', 'Spring Lake', 49456, 43.1027, -86.2239),
(1450, 'MI', 'Springport', 49284, 42.3925, -84.6989),
(1451, 'MI', 'Spruce', 48762, 44.8190, -83.4562),
(1452, 'MI', 'Stambaugh', 49964, 46.0811, -88.6271),
(1453, 'MI', 'Standish', 48658, 43.9799, -83.9191),
(1455, 'MI', 'Stanton', 48888, 43.3112, -85.1020),
(1457, 'MI', 'Stanwood', 49346, 43.5918, -85.3981),
(1459, 'MI', 'Stephenson', 49887, 45.4459, -87.4433),
(1460, 'MI', 'Sterling', 48659, 44.0730, -84.0469),
(1461, 'MI', 'Sterling Heights', 48310, 42.5645, -83.0647),
(1462, 'MI', 'Sterling Heights', 48311, 42.5803, -83.0302),
(1463, 'MI', 'Sterling Heights', 48312, 42.5587, -83.0092),
(1464, 'MI', 'Sterling Heights', 48313, 42.5988, -83.0104),
(1465, 'MI', 'Sterling Heights', 48314, 42.6096, -83.0516),
(1467, 'MI', 'Stevensville', 49127, 42.0092, -86.5101),
(1469, 'MI', 'Stockbridge', 49285, 42.4752, -84.2089),
(1470, 'MI', 'Strongs', 49790, 46.3577, -84.9678),
(1472, 'MI', 'Sturgis', 49091, 41.8429, -85.4475),
(1473, 'MI', 'Sumner', 48889, 43.2852, -84.7916),
(1475, 'MI', 'Sunfield', 48890, 42.7685, -84.9697),
(1477, 'MI', 'Suttons Bay', 49682, 44.9776, -85.6089),
(1479, 'MI', 'Swartz Creek', 48473, 42.9425, -83.8271),
(1480, 'MI', 'Tawas City', 48763, 44.2336, -83.6329),
(1481, 'MI', 'Tawas City', 48764, 44.2695, -83.5147),
(1483, 'MI', 'Taylor', 48180, 42.2256, -83.2685),
(1485, 'MI', 'Tecumseh', 49286, 42.0115, -83.9169),
(1487, 'MI', 'Tekonsha', 49092, 42.1136, -84.9825),
(1489, 'MI', 'Temperance', 48182, 41.7940, -83.5879),
(1491, 'MI', 'Thompsonville', 49683, 44.5232, -85.9409),
(1493, 'MI', 'Three Oaks', 49128, 41.8182, -86.5939),
(1495, 'MI', 'Three Rivers', 49093, 41.9761, -85.6475),
(1496, 'MI', 'Tipton', 49287, 42.0209, -84.0795),
(1498, 'MI', 'Toivola', 49965, 46.9589, -88.7752),
(1499, 'MI', 'Topinabee', 49791, 45.4839, -84.5953),
(1500, 'MI', 'Tower', 49792, 45.3553, -84.3006),
(1501, 'MI', 'Traverse City', 49684, 44.7805, -85.7289),
(1502, 'MI', 'Traverse City', 49685, 44.7631, -85.6206),
(1503, 'MI', 'Traverse City', 49686, 44.8096, -85.5707),
(1504, 'MI', 'Traverse City', 49696, 44.7631, -85.6206),
(1505, 'MI', 'Trenary', 49891, 46.2386, -87.0223),
(1507, 'MI', 'Trenton', 48183, 42.1331, -83.2182),
(1508, 'MI', 'Trout Creek', 49967, 46.5113, -88.9717),
(1510, 'MI', 'Trout Lake', 49793, 46.1936, -85.0190),
(1511, 'MI', 'Troy', 48007, 42.6056, -83.1499),
(1512, 'MI', 'Troy', 48083, 42.5560, -83.1178),
(1513, 'MI', 'Troy', 48084, 42.5563, -83.1769),
(1514, 'MI', 'Troy', 48085, 42.6005, -83.1196),
(1515, 'MI', 'Troy', 48098, 42.5983, -83.1785),
(1516, 'MI', 'Troy', 48099, 42.6056, -83.1499),
(1517, 'MI', 'Trufant', 49347, 43.3231, -85.3396),
(1518, 'MI', 'Turner', 48765, 44.1543, -83.6941),
(1519, 'MI', 'Tuscola', 48769, 43.3264, -83.6572),
(1521, 'MI', 'Tustin', 49688, 44.1224, -85.4510),
(1523, 'MI', 'Twin Lake', 49457, 43.3672, -86.1594),
(1524, 'MI', 'Twining', 48766, 44.1071, -83.8462),
(1526, 'MI', 'Ubly', 48475, 43.6689, -82.9676),
(1528, 'MI', 'Union', 49130, 41.7849, -85.8568),
(1530, 'MI', 'Union City', 49094, 42.0518, -85.1081),
(1531, 'MI', 'Union Lake', 48387, 42.6148, -83.4469),
(1532, 'MI', 'Union Pier', 49129, 41.8257, -86.6942),
(1534, 'MI', 'Unionville', 48767, 43.6497, -83.4543),
(1536, 'MI', 'University Center', 48710, 43.5566, -83.9943),
(1537, 'MI', 'Utica', 48315, 42.6711, -82.9995),
(1538, 'MI', 'Utica', 48316, 42.6905, -83.0549),
(1539, 'MI', 'Utica', 48317, 42.6439, -83.0504),
(1540, 'MI', 'Utica', 48318, 42.6261, -83.0335),
(1541, 'MI', 'Vandalia', 49095, 41.9183, -85.8761),
(1542, 'MI', 'Vanderbilt', 49795, 45.1725, -84.5833),
(1544, 'MI', 'Vassar', 48768, 43.3655, -83.5658),
(1546, 'MI', 'Vermontville', 49096, 42.6410, -85.0052),
(1547, 'MI', 'Vernon', 48476, 42.9392, -84.0294),
(1548, 'MI', 'Vestaburg', 48891, 43.3902, -84.9154),
(1550, 'MI', 'Vicksburg', 49097, 42.1095, -85.4734),
(1551, 'MI', 'Vulcan', 49892, 45.7648, -87.7541),
(1553, 'MI', 'Wakefield', 49968, 46.4673, -89.8945),
(1555, 'MI', 'Waldron', 49288, 41.7357, -84.4349),
(1556, 'MI', 'Walhalla', 49458, 43.9536, -86.1148),
(1557, 'MI', 'Walkerville', 49459, 43.7287, -86.1094),
(1558, 'MI', 'Wallace', 49893, 45.2745, -87.6068),
(1559, 'MI', 'Walled Lake', 48390, 42.5530, -83.4802),
(1560, 'MI', 'Walled Lake', 48391, 42.5378, -83.4810),
(1561, 'MI', 'Walloon Lake', 49796, 45.2661, -84.9337),
(1562, 'MI', 'Warren', 48088, 42.5153, -82.9842),
(1563, 'MI', 'Warren', 48089, 42.4736, -82.9968),
(1564, 'MI', 'Warren', 48090, 42.4775, -83.0277),
(1565, 'MI', 'Warren', 48091, 42.4693, -83.0546),
(1566, 'MI', 'Warren', 48092, 42.5134, -83.0570),
(1567, 'MI', 'Warren', 48093, 42.5144, -83.0159),
(1568, 'MI', 'Warren', 48397, 42.4917, -83.0402),
(1569, 'MI', 'Washington', 48094, 42.7364, -83.0374),
(1570, 'MI', 'Washington', 48095, 42.7794, -83.0395),
(1571, 'MI', 'Waterford', 48327, 42.6486, -83.4052),
(1572, 'MI', 'Waterford', 48328, 42.6465, -83.3554),
(1573, 'MI', 'Waterford', 48329, 42.6884, -83.3865),
(1574, 'MI', 'Waters', 49797, 44.8797, -84.6986),
(1575, 'MI', 'Watersmeet', 49969, 46.2153, -89.2420),
(1577, 'MI', 'Watervliet', 49098, 42.1719, -86.2418),
(1578, 'MI', 'Watton', 49970, 46.7317, -88.3354),
(1580, 'MI', 'Wayland', 49348, 42.6886, -85.6175),
(1582, 'MI', 'Wayne', 48184, 42.2771, -83.3877),
(1584, 'MI', 'Webberville', 48892, 42.6542, -84.1766),
(1586, 'MI', 'Weidman', 48893, 43.6831, -84.9722),
(1588, 'MI', 'Wells', 49894, 45.7818, -87.0702),
(1589, 'MI', 'Wellston', 49689, 44.2201, -85.9149),
(1590, 'MI', 'West Bloomfield', 48322, 42.5428, -83.3795),
(1591, 'MI', 'West Bloomfield', 48323, 42.5734, -83.3807),
(1592, 'MI', 'West Bloomfield', 48324, 42.5948, -83.3828),
(1593, 'MI', 'West Bloomfield', 48325, 42.5703, -83.3810),
(1595, 'MI', 'West Branch', 48661, 44.3415, -84.1876),
(1597, 'MI', 'West Olive', 49460, 42.9318, -86.1048),
(1598, 'MI', 'Westland', 48185, 42.3318, -83.3710),
(1599, 'MI', 'Westland', 48186, 42.2890, -83.3686),
(1600, 'MI', 'Weston', 49289, 41.7703, -84.0977),
(1601, 'MI', 'Westphalia', 48894, 42.9295, -84.7986),
(1602, 'MI', 'Wetmore', 49895, 46.1967, -86.6808),
(1603, 'MI', 'Wheeler', 48662, 43.3934, -84.4191),
(1605, 'MI', 'White Cloud', 49349, 43.5871, -85.7560),
(1606, 'MI', 'White Lake', 48383, 42.6555, -83.5264),
(1607, 'MI', 'White Lake', 48386, 42.6575, -83.4787),
(1609, 'MI', 'White Pigeon', 49099, 41.7989, -85.6604),
(1610, 'MI', 'White Pine', 49971, 46.7538, -89.5840),
(1612, 'MI', 'Whitehall', 49461, 43.3847, -86.3272),
(1614, 'MI', 'Whitmore Lake', 48189, 42.4054, -83.7943),
(1615, 'MI', 'Whittaker', 48190, 42.1281, -83.5997),
(1616, 'MI', 'Whittemore', 48770, 44.2483, -83.8066),
(1618, 'MI', 'Williamsburg', 49690, 44.7780, -85.3897),
(1620, 'MI', 'Williamston', 48895, 42.6816, -84.2717),
(1622, 'MI', 'Willis', 48191, 42.1154, -83.5693),
(1623, 'MI', 'Wilson', 49896, 45.6739, -87.3927),
(1624, 'MI', 'Winn', 48896, 43.5234, -84.9017),
(1626, 'MI', 'Wixom', 48393, 42.5200, -83.5517),
(1627, 'MI', 'Wolverine', 49799, 45.2872, -84.6020),
(1628, 'MI', 'Woodland', 48897, 42.6978, -85.1291),
(1630, 'MI', 'Wyandotte', 48192, 42.1950, -83.1650),
(1631, 'MI', 'Wyoming', 49509, 42.9134, -85.7053),
(1632, 'MI', 'Wyoming', 49519, 42.9134, -85.7053),
(1634, 'MI', 'Yale', 48097, 43.1370, -82.8181),
(1635, 'MI', 'Ypsilanti', 48197, 42.2061, -83.6228),
(1636, 'MI', 'Ypsilanti', 48198, 42.2730, -83.5994),
(1638, 'MI', 'Zeeland', 49464, 42.8554, -85.9714);

-- --------------------------------------------------------

--
-- Table structure for table `a5_providers`
--

CREATE TABLE IF NOT EXISTS `a5_providers` (
  `providerID` int(11) unsigned NOT NULL AUTO_INCREMENT,
  `provider_name` varchar(32) NOT NULL,
  `provider_number` varchar(12) NOT NULL,
  `locationID` int(10) unsigned NOT NULL,
  PRIMARY KEY (`providerID`)
) ENGINE=MyISAM  DEFAULT CHARSET=latin1 AUTO_INCREMENT=401 ;

--
-- Dumping data for table `a5_providers`
--

INSERT INTO `a5_providers` (`providerID`, `provider_name`, `provider_number`, `locationID`) VALUES
(1, 'Andrea Grove', '33-85403', 4),
(2, 'Leila Bowers', '33-68284', 693),
(3, 'Michelle Asher', '33-28395', 1238),
(4, 'Bianca Estes', '33-52377', 1610),
(5, 'Angel Denton', '33-94085', 432),
(6, 'Karen Coker', '33-20851', 684),
(7, 'Delilah Zamora', '33-61696', 1005),
(8, 'Laila Shipp', '33-85608', 1479),
(9, 'Kailey Hawthorne', '33-67664', 1009),
(10, 'Leilani Skidmore', '33-18290', 439),
(11, 'Dakota Cortes', '33-60475', 984),
(12, 'Sydney Whitmore', '33-10771', 282),
(13, 'Ruby Nugent', '33-90306', 1286),
(14, 'Cecilia Sylvester', '33-73661', 941),
(15, 'Briana Gilman', '33-39644', 1631),
(16, 'Dulce Moran', '33-12507', 776),
(17, 'Haley Yazzie', '33-25368', 1467),
(18, 'Rose Orozco', '33-28186', 305),
(19, 'Tessa Upchurch', '33-54729', 1306),
(20, 'Kaylie Farmer', '33-36027', 779),
(21, 'Valerie Beebe', '33-93977', 572),
(22, 'Lola Vu', '33-42060', 1108),
(23, 'Elizabeth Schrader', '33-82279', 350),
(24, 'Esther Clay', '33-58828', 1262),
(25, 'Asia Jacobsen', '33-99483', 1255),
(26, 'Eleanor Machado', '33-40487', 101),
(27, 'Alivia Hancock', '33-35269', 1528),
(28, 'Brooklyn Ragsdale', '33-95709', 1079),
(29, 'Michelle Connell', '33-14147', 544),
(30, 'Jaslene Shelton', '33-33235', 332),
(31, 'Ashlyn Fowler', '33-72270', 227),
(32, 'Margaret Waite', '33-77392', 548),
(33, 'Valeria Jamison', '33-91732', 1024),
(34, 'Peyton Brownlee', '33-68069', 1465),
(35, 'Evelyn Ulrich', '33-93578', 519),
(36, 'Zoe Blount', '33-37377', 1455),
(37, 'Ciara Mattingly', '33-63509', 511),
(38, 'Kennedy Weber', '33-41890', 1523),
(39, 'Jessica Hurt', '33-82695', 1295),
(40, 'Kayden Allred', '33-28530', 1517),
(41, 'Karla Hyman', '33-42563', 322),
(42, 'Angela Riddick', '33-94983', 640),
(43, 'Cecilia Alston', '33-77627', 160),
(44, 'Liliana Templeton', '33-48702', 1606),
(45, 'Lauren Melendez', '33-69243', 1582),
(46, 'Camryn Gilliam', '33-87979', 807),
(47, 'Caitlin Gregory', '33-50792', 745),
(48, 'Khloe Grove', '33-41052', 1410),
(49, 'Karla Noe', '33-68584', 1112),
(50, 'Madeline Kilpatrick', '33-52494', 410),
(51, 'Eliza Mcmillian', '33-47758', 550),
(52, 'Emely Milner', '33-41078', 45),
(53, 'Mallory Draper', '33-15424', 1518),
(54, 'Lydia Peoples', '33-38151', 899),
(55, 'Caitlyn Woodruff', '33-77321', 1306),
(56, 'Gabriella Childress', '33-12963', 1135),
(57, 'Ashlynn Swift', '33-31874', 1000),
(58, 'Talia Haley', '33-82752', 1195),
(59, 'Lily Abbott', '33-59241', 575),
(60, 'Breanna Bowers', '33-76665', 1544),
(61, 'Aniyah Avila', '33-63777', 1526),
(62, 'Kelsey Bentley', '33-21096', 803),
(63, 'Ashlynn Brantley', '33-48434', 454),
(64, 'Isabella Stringer', '33-70960', 910),
(65, 'Leah Schaeffer', '33-51553', 628),
(66, 'Madilyn Corcoran', '33-40985', 973),
(67, 'Vivian Hoyt', '33-28086', 728),
(68, 'Jenna Denney', '33-14073', 1139),
(69, 'Jamie Grimm', '33-78655', 857),
(70, 'Tatiana Lovell', '33-72868', 383),
(71, 'Genesis Barnhart', '33-48253', 1017),
(72, 'Allison Dodson', '33-33447', 1179),
(73, 'Kaelyn Waller', '33-49138', 1024),
(74, 'Melanie Forte', '33-58866', 1176),
(75, 'Allison Fuller', '33-95354', 1146),
(76, 'Madilyn Witt', '33-13268', 965),
(77, 'Naomi Chambers', '33-73604', 346),
(78, 'Isabella Redd', '33-83421', 253),
(79, 'Hailey Nielson', '33-99643', 737),
(80, 'Presley Begay', '33-32157', 1457),
(81, 'Marley Barnhart', '33-74147', 661),
(82, 'Vanessa Herbert', '33-39378', 1286),
(83, 'Kaitlyn Stevenson', '33-69178', 1500),
(84, 'Karla Leary', '33-90081', 542),
(85, 'Nicole Adamson', '33-98977', 546),
(86, 'Sienna Rockwell', '33-15850', 1168),
(87, 'Leah Cloud', '33-26959', 38),
(88, 'Breanna Wilbur', '33-86690', 1546),
(89, 'Alyssa Lavoie', '33-53096', 725),
(90, 'Alejandra Friend', '33-43448', 612),
(91, 'Sydney Ritchie', '33-26767', 1452),
(92, 'Brynn Little', '33-87114', 612),
(93, 'Victoria Winters', '33-66530', 1413),
(94, 'Lydia Bundy', '33-77908', 267),
(95, 'Angela Wilkes', '33-63443', 1523),
(96, 'Sydney Steele', '33-98331', 403),
(97, 'Kadence Shea', '33-43134', 1240),
(98, 'Grace Kincaid', '33-83866', 611),
(99, 'Alondra Maurer', '33-79735', 1540),
(100, 'Katie Nieves', '33-80337', 459),
(101, 'Ellie Thibodeau', '33-99960', 992),
(102, 'Mia Bergeron', '33-54809', 919),
(103, 'Cynthia Chung', '33-84490', 1636),
(104, 'Margaret Payne', '33-14257', 376),
(105, 'Sierra Lorenz', '33-98923', 456),
(106, 'Hailey Vogel', '33-69718', 1144),
(107, 'Alexa Shell', '33-17340', 1340),
(108, 'Anya Colburn', '33-67930', 801),
(109, 'Keira Hammond', '33-19515', 1394),
(110, 'Kayleigh Spence', '33-36620', 439),
(111, 'Audrey Morris', '33-81959', 617),
(112, 'Briana Kuhn', '33-62579', 417),
(113, 'Julianna Neumann', '33-67561', 84),
(114, 'Brooke Christiansen', '33-45792', 479),
(115, 'Lindsay Wilbur', '33-85800', 957),
(116, 'Shayla Schreiber', '33-24224', 630),
(117, 'Reese Mchenry', '33-34506', 8),
(118, 'Fatima Medley', '33-34143', 994),
(119, 'Ashlyn Redman', '33-39929', 537),
(120, 'Ava Nicholas', '33-87522', 733),
(121, 'Luna Mcghee', '33-60165', 1605),
(122, 'Mckenna Kitchen', '33-85410', 350),
(123, 'Aubrey Ouellette', '33-61749', 1344),
(124, 'Sophia Bennett', '33-33644', 1380),
(125, 'Gianna Canales', '33-34100', 616),
(126, 'Penelope Watts', '33-30462', 1227),
(127, 'Ana Cheng', '33-82953', 145),
(128, 'Marlee Atwood', '33-10824', 218),
(129, 'Kyla Jordan', '33-86000', 199),
(130, 'Amber Isaac', '33-91653', 46),
(131, 'Violet Pickett', '33-89794', 675),
(132, 'Mackenzie Carmona', '33-31230', 1191),
(133, 'Kailey Mchugh', '33-76621', 965),
(134, 'Kelsey Grigsby', '33-14855', 671),
(135, 'Mallory Small', '33-11791', 1566),
(136, 'Eliana Cho', '33-73947', 1419),
(137, 'Zoey Graf', '33-67228', 177),
(138, 'Jillian Lee', '33-59506', 1268),
(139, 'Carly Begley', '33-31496', 582),
(140, 'Serenity Jeffries', '33-28473', 1570),
(141, 'Christina Dickens', '33-21246', 67),
(142, 'Abigail Mathis', '33-55315', 1198),
(143, 'Avery Littlefield', '33-84730', 348),
(144, 'Emily Mead', '33-37820', 150),
(145, 'Rachel Padgett', '33-79378', 38),
(146, 'Karen Kendrick', '33-16931', 1306),
(147, 'Faith Holmes', '33-96395', 779),
(148, 'Kelly Russo', '33-19434', 46),
(149, 'Liliana Terry', '33-51162', 660),
(150, 'Juliana Gipson', '33-86672', 1315),
(151, 'Lizbeth Irizarry', '33-81704', 779),
(152, 'Imani Metcalf', '33-83215', 627),
(153, 'Alondra Higginbotham', '33-13391', 26),
(154, 'Ana Christie', '33-69402', 484),
(155, 'Christina Willey', '33-71316', 367),
(156, 'Emily Dickens', '33-80299', 642),
(157, 'Caroline Phelan', '33-19360', 72),
(158, 'Kimberly Sherrill', '33-32350', 511),
(159, 'Kimora Friedman', '33-16496', 859),
(160, 'Victoria Roland', '33-85887', 270),
(161, 'Kylee Brown', '33-10577', 556),
(162, 'Adrianna Vela', '33-11745', 1532),
(163, 'Alina Best', '33-13945', 1460),
(164, 'Jocelyn Larkin', '33-90468', 1519),
(165, 'Leah Delarosa', '33-90709', 565),
(166, 'Miley Yanez', '33-11973', 1388),
(167, 'Hayden Aragon', '33-51010', 1300),
(168, 'Alexa Frazier', '33-47890', 740),
(169, 'Kimberly Oglesby', '33-42924', 1017),
(170, 'Serenity Polanco', '33-25388', 242),
(171, 'Jocelyn Vick', '33-42608', 673),
(172, 'Carmen Webber', '33-73765', 1083),
(173, 'Sophie Goodrich', '33-95964', 1440),
(174, 'Ariel Sullivan', '33-78872', 1020),
(175, 'Adrianna Callahan', '33-39517', 1234),
(176, 'Maria Richey', '33-58149', 1477),
(177, 'Avery Ingram', '33-88628', 686),
(178, 'Megan Hagen', '33-20778', 373),
(179, 'Summer Buford', '33-32456', 1523),
(180, 'Peyton Robert', '33-92328', 1345),
(181, 'Alexis Franks', '33-79874', 50),
(182, 'Kimberly Trujillo', '33-23705', 661),
(183, 'Kara Mcmillan', '33-38603', 334),
(184, 'Jordyn Ladner', '33-37018', 75),
(185, 'Brooklynn Walsh', '33-92907', 1145),
(186, 'Kate Tilley', '33-32778', 701),
(187, 'Julissa Hawkins', '33-54379', 716),
(188, 'Laila Guillen', '33-85576', 1217),
(189, 'Abigail Michaels', '33-57358', 1211),
(190, 'Ashley Schreiber', '33-78837', 1574),
(191, 'Hailey Eason', '33-94483', 1487),
(192, 'Chloe McConnell', '33-95240', 129),
(193, 'Caitlin Meyer', '33-99708', 1467),
(194, 'Molly Glover', '33-67996', 1308),
(195, 'Allyson Brothers', '33-75580', 8),
(196, 'Ivy Gibson', '33-47588', 394),
(197, 'Riley Talbot', '33-47171', 1058),
(198, 'Savanna Blevins', '33-63376', 1308),
(199, 'Vivian Meza', '33-45462', 1133),
(200, 'Jayden Weiss', '33-99961', 435),
(201, 'Eli Franks', '33-63814', 1550),
(202, 'Beau Lambert', '33-32084', 166),
(203, 'Manuel Lott', '33-81088', 1518),
(204, 'Kevin Brandt', '33-89531', 1350),
(205, 'Maddox Flaherty', '33-69647', 1186),
(206, 'Jaden Gomez', '33-82080', 1113),
(207, 'Jason Colbert', '33-95661', 1189),
(208, 'Jamari Mcleod', '33-43044', 233),
(209, 'Angelo Goodrich', '33-99441', 1485),
(210, 'Nicolas Mathis', '33-49077', 1072),
(211, 'Dante Snell', '33-49313', 1578),
(212, 'Dallas Pickens', '33-15636', 1536),
(213, 'Theodore Forsythe', '33-91548', 94),
(214, 'Cayden Trent', '33-60719', 274),
(215, 'Elijah Hough', '33-71481', 1609),
(216, 'Bryson Wing', '33-88466', 1238),
(217, 'Luke Rinehart', '33-13566', 973),
(218, 'Jeremiah Everett', '33-12163', 688),
(219, 'Justin Aquino', '33-80769', 816),
(220, 'Lorenzo Poole', '33-18606', 544),
(221, 'Caleb Heaton', '33-36282', 623),
(222, 'Caden Morgan', '33-41359', 664),
(223, 'Camden Epperson', '33-52553', 673),
(224, 'Chris Bustamante', '33-29600', 452),
(225, 'Zion Barth', '33-11274', 334),
(226, 'Miles Holden', '33-75177', 681),
(227, 'Zane Vickers', '33-54760', 844),
(228, 'Landen Mcfadden', '33-51066', 1392),
(229, 'Sean Puckett', '33-97320', 349),
(230, 'Elijah Kelley', '33-85073', 339),
(231, 'Shawn Huff', '33-50801', 188),
(232, 'Chance Lopez', '33-71775', 261),
(233, 'Drake Juarez', '33-67487', 505),
(234, 'Troy Means', '33-59178', 67),
(235, 'Edgar Bacon', '33-91994', 1609),
(236, 'Julius Duncan', '33-73060', 52),
(237, 'Drew Gomez', '33-69929', 1179),
(238, 'Gustavo Farrow', '33-43751', 1159),
(239, 'Bryan Enriquez', '33-86881', 284),
(240, 'Emmanuel Swift', '33-55149', 1026),
(241, 'Peyton Escobar', '33-19655', 590),
(242, 'Robert Stark', '33-35270', 224),
(243, 'Bryson Ervin', '33-86728', 922),
(244, 'Gael Gardner', '33-86226', 684),
(245, 'Ashton Bullard', '33-14173', 496),
(246, 'Colton Newell', '33-49052', 893),
(247, 'Wesley Knowles', '33-55638', 284),
(248, 'Ayden Cornell', '33-29401', 1467),
(249, 'Gustavo Driscoll', '33-59200', 1580),
(250, 'Carter Esposito', '33-24416', 1100),
(251, 'Casey Salinas', '33-69924', 373),
(252, 'Michael Daugherty', '33-81265', 564),
(253, 'Dawson Goldberg', '33-46898', 125),
(254, 'Lincoln Casey', '33-27450', 1045),
(255, 'Cade Rains', '33-30939', 1014),
(256, 'Jude Delacruz', '33-69637', 459),
(257, 'Santiago Richmond', '33-77356', 86),
(258, 'Ismael Tomlin', '33-10080', 220),
(259, 'Conner Cosby', '33-63365', 212),
(260, 'Benjamin Trent', '33-75495', 435),
(261, 'Ryder Still', '33-58605', 559),
(262, 'Andre Christenson', '33-14034', 398),
(263, 'Shawn Ball', '33-15251', 693),
(264, 'Aaden Shaffer', '33-81523', 1063),
(265, 'Gerardo Landrum', '33-45991', 465),
(266, 'Calvin Jarvis', '33-83701', 663),
(267, 'Vincent Eubanks', '33-12786', 1115),
(268, 'Payton Nettles', '33-59956', 6),
(269, 'Jimmy Harper', '33-35371', 184),
(270, 'Darius Hyman', '33-82921', 1399),
(271, 'Aiden Ayala', '33-24724', 1033),
(272, 'Joaquin Hickman', '33-24704', 774),
(273, 'Braden Coburn', '33-79043', 1622),
(274, 'Christopher Oconnell', '33-15262', 317),
(275, 'Dustin Barnhart', '33-79123', 1457),
(276, 'Brandon Whipple', '33-53913', 479),
(277, 'Amir Castro', '33-18480', 1209),
(278, 'Luca Weinstein', '33-26064', 101),
(279, 'Hayden Kruger', '33-86907', 308),
(280, 'Mason Rodrigues', '33-73721', 1150),
(281, 'Jeffrey Wheat', '33-25723', 1200),
(282, 'Isaiah Greenfield', '33-68822', 681),
(283, 'Adam Chatman', '33-11448', 75),
(284, 'Levi Eubanks', '33-69989', 1325),
(285, 'Patrick Aiken', '33-80042', 87),
(286, 'Keith Aguilera', '33-42221', 1089),
(287, 'Sergio Kearney', '33-70931', 147),
(288, 'Travis Napier', '33-70693', 173),
(289, 'Leonardo Field', '33-54502', 1309),
(290, 'Louis Albert', '33-34298', 357),
(291, 'Ashton Abel', '33-72042', 606),
(292, 'Taylor Hamlin', '33-92634', 229),
(293, 'Juan Self', '33-47865', 756),
(294, 'Troy Benedict', '33-13395', 1298),
(295, 'Spencer Sykes', '33-63877', 1293),
(296, 'Garrett Gibbs', '33-82219', 1219),
(297, 'Scott Estes', '33-19465', 324),
(298, 'Angel Ventura', '33-58670', 769),
(299, 'Cayden Linder', '33-53300', 1225),
(300, 'Roberto Falcon', '33-10390', 507),
(301, 'Caiden Kimball', '33-95214', 529),
(302, 'Trevor Alonso', '33-39293', 618),
(303, 'Gerardo Diaz', '33-33053', 1279),
(304, 'Bradley Cates', '33-71803', 511),
(305, 'Jesse Ziegler', '33-55742', 935),
(306, 'Marcus Deaton', '33-69482', 1096),
(307, 'Miguel Mcdonald', '33-26033', 990),
(308, 'John Schuster', '33-13929', 505),
(309, 'Kyle Li', '33-40858', 1198),
(310, 'Jesus Bobo', '33-37529', 1297),
(311, 'Devon Ferguson', '33-52303', 17),
(312, 'Thomas Bruno', '33-98606', 758),
(313, 'Joel Alexander', '33-50217', 338),
(314, 'Joshua Leon', '33-13345', 90),
(315, 'Amari Yeager', '33-89782', 445),
(316, 'Xavier Ernst', '33-72232', 424),
(317, 'Braydon Blank', '33-53764', 1179),
(318, 'Hector Reed', '33-24475', 591),
(319, 'Malachi Bagwell', '33-73427', 596),
(320, 'Christopher Burden', '33-94845', 849),
(321, 'Elias Trammell', '33-44822', 947),
(322, 'Juan Lusk', '33-36933', 1201),
(323, 'Kevin Hacker', '33-48948', 1078),
(324, 'Zander Stark', '33-98872', 64),
(325, 'Bradley Rodrigues', '33-62490', 862),
(326, 'Nolan Coats', '33-42636', 731),
(327, 'Gavin Lemon', '33-58263', 1282),
(328, 'Jaxon Monroe', '33-29057', 1184),
(329, 'Grayson Key', '33-20919', 1498),
(330, 'Jameson Padgett', '33-97757', 869),
(331, 'Camden Santiago', '33-45812', 51),
(332, 'Isaac McClure', '33-46776', 388),
(333, 'Kyle Avila', '33-72040', 1487),
(334, 'Grant Orozco', '33-88799', 1329),
(335, 'Ayden Causey', '33-91644', 898),
(336, 'Parker Parker', '33-91817', 782),
(337, 'Eric Shipley', '33-22242', 786),
(338, 'Braden Bean', '33-12545', 249),
(339, 'Rafael Deal', '33-77062', 1286),
(340, 'Jonathan Pritchard', '33-42007', 344),
(341, 'Seth Wall', '33-22048', 1546),
(342, 'Cristian Buckley', '33-96960', 1300),
(343, 'Dominic Hirsch', '33-44593', 1103),
(344, 'Ryan Heck', '33-84863', 245),
(345, 'Wyatt Adcock', '33-76956', 1390),
(346, 'Jackson Sears', '33-37266', 1546),
(347, 'Carlos Rhoades', '33-18616', 669),
(348, 'Rylan Middleton', '33-33765', 931),
(349, 'Everett Escobar', '33-52976', 499),
(350, 'Dominick Bunch', '33-53507', 1264),
(351, 'William Chaney', '33-56766', 141),
(352, 'Braydon Boyce', '33-55116', 1446),
(353, 'Jeffrey Nielson', '33-56726', 827),
(354, 'Jaxson Bostic', '33-30629', 1218),
(355, 'Jackson Mueller', '33-61812', 1507),
(356, 'Lincoln Mayer', '33-52948', 49),
(357, 'Benjamin Griffin', '33-43293', 311),
(358, 'Jeremy Richmond', '33-65476', 1151),
(359, 'Nathaniel Rhoads', '33-84184', 1234),
(360, 'Evan Calderon', '33-99697', 170),
(361, 'Evan Herbert', '33-91016', 381),
(362, 'Abraham Cardenas', '33-92419', 1283),
(363, 'Dominic Werner', '33-93363', 558),
(364, 'Trent Beck', '33-30899', 229),
(365, 'Adam Grissom', '33-51207', 973),
(366, 'Shawn Mayes', '33-62653', 1455),
(367, 'Ashton Samuel', '33-67801', 1013),
(368, 'Ricky Meredith', '33-12399', 120),
(369, 'Carter Ambrose', '33-53249', 66),
(370, 'Gabriel Trotter', '33-10588', 657),
(371, 'Jesse Burgess', '33-43610', 464),
(372, 'Christopher Myers', '33-10109', 1612),
(373, 'Beau Longoria', '33-62671', 319),
(374, 'George Montalvo', '33-53582', 1565),
(375, 'Preston Dietrich', '33-13033', 218),
(376, 'Jack Duff', '33-55427', 71),
(377, 'Travis Hathaway', '33-72357', 1473),
(378, 'Lane Bravo', '33-42266', 886),
(379, 'Arturo Sadler', '33-46271', 1002),
(380, 'Jeremiah Barney', '33-45787', 334),
(381, 'Abraham Austin', '33-77198', 512),
(382, 'Damian Horton', '33-30509', 1142),
(383, 'Austin Camp', '33-59467', 139),
(384, 'Carlos Belanger', '33-80274', 1338),
(385, 'Caleb Oneil', '33-85386', 721),
(386, 'Francisco Cartwright', '33-27848', 8),
(387, 'Antonio Albert', '33-23891', 1388),
(388, 'Jackson McCormack', '33-92849', 1031),
(389, 'Dominick Novak', '33-15936', 1159),
(390, 'Christopher Cantu', '33-82926', 981),
(391, 'Rylan Kimball', '33-53963', 1201),
(392, 'Anthony Coon', '33-82114', 1539),
(393, 'Randy Poindexter', '33-18209', 627),
(394, 'George Lachance', '33-61830', 120),
(395, 'Jonathan Hamel', '33-53587', 130),
(396, 'Landen Doe', '33-15916', 1598),
(397, 'Edward Cartwright', '33-15660', 1575),
(398, 'Travis Reyna', '33-75713', 1141),
(399, 'Lincoln Davies', '33-45857', 80),
(400, 'Anderson Gibbs', '33-42459', 3);

-- --------------------------------------------------------

--
-- Table structure for table `a5_provider_clientele`
--

CREATE TABLE IF NOT EXISTS `a5_provider_clientele` (
  `providerID` int(10) unsigned NOT NULL,
  `clienteleID` int(10) unsigned NOT NULL,
  KEY `providerID` (`providerID`,`clienteleID`)
) ENGINE=MyISAM DEFAULT CHARSET=latin1;

--
-- Dumping data for table `a5_provider_clientele`
--

INSERT INTO `a5_provider_clientele` (`providerID`, `clienteleID`) VALUES
(1, 1),
(1, 3),
(1, 4),
(2, 3),
(2, 5),
(3, 3),
(4, 1),
(4, 2),
(5, 1),
(5, 2),
(5, 5),
(6, 3),
(6, 4),
(6, 5),
(7, 3),
(7, 4),
(8, 1),
(8, 2),
(8, 3),
(8, 5),
(9, 2),
(9, 4),
(10, 1),
(10, 2),
(10, 4),
(11, 1),
(11, 3),
(12, 1),
(12, 2),
(12, 4),
(12, 5),
(13, 1),
(13, 2),
(13, 3),
(13, 4),
(13, 5),
(14, 2),
(14, 3),
(14, 4),
(14, 5),
(15, 1),
(15, 5),
(16, 1),
(16, 3),
(16, 4),
(16, 5),
(17, 3),
(17, 4),
(18, 2),
(18, 4),
(19, 1),
(19, 2),
(19, 3),
(19, 4),
(20, 1),
(20, 2),
(20, 4),
(20, 5),
(21, 1),
(21, 5),
(22, 2),
(22, 4),
(23, 2),
(23, 4),
(24, 3),
(24, 5),
(25, 1),
(25, 3),
(25, 4),
(25, 5),
(26, 1),
(26, 2),
(27, 2),
(27, 3),
(27, 4),
(28, 1),
(28, 2),
(28, 3),
(28, 4),
(28, 5),
(29, 5),
(30, 2),
(30, 3),
(30, 4),
(30, 5),
(31, 1),
(31, 4),
(31, 5),
(32, 1),
(32, 3),
(32, 4),
(32, 5),
(33, 1),
(33, 2),
(33, 5),
(34, 1),
(34, 3),
(34, 4),
(34, 5),
(35, 1),
(35, 2),
(35, 3),
(35, 4),
(35, 5),
(36, 2),
(36, 3),
(37, 1),
(37, 4),
(37, 5),
(38, 3),
(38, 4),
(39, 1),
(39, 3),
(39, 4),
(39, 5),
(40, 3),
(41, 2),
(41, 3),
(41, 5),
(42, 1),
(42, 2),
(43, 2),
(43, 3),
(43, 4),
(43, 5),
(44, 1),
(44, 3),
(44, 5),
(45, 1),
(46, 5),
(47, 2),
(47, 5),
(48, 3),
(48, 4),
(49, 1),
(49, 4),
(49, 5),
(50, 2),
(51, 1),
(51, 2),
(51, 3),
(52, 1),
(52, 2),
(52, 4),
(53, 3),
(53, 4),
(54, 5),
(55, 2),
(55, 3),
(55, 4),
(55, 5),
(56, 2),
(56, 4),
(57, 1),
(57, 2),
(57, 5),
(58, 3),
(58, 4),
(59, 1),
(59, 4),
(60, 1),
(60, 2),
(61, 1),
(61, 2),
(61, 4),
(62, 2),
(63, 1),
(63, 2),
(63, 3),
(63, 4),
(63, 5),
(64, 1),
(64, 3),
(64, 4),
(64, 5),
(65, 2),
(65, 3),
(65, 4),
(65, 5),
(66, 1),
(66, 2),
(66, 3),
(66, 4),
(66, 5),
(67, 3),
(68, 4),
(68, 5),
(69, 1),
(69, 2),
(69, 4),
(70, 1),
(71, 3),
(71, 4),
(71, 5),
(72, 1),
(73, 1),
(73, 2),
(74, 1),
(74, 2),
(74, 4),
(74, 5),
(75, 2),
(75, 3),
(75, 5),
(76, 3),
(77, 1),
(77, 2),
(77, 4),
(78, 4),
(79, 1),
(79, 2),
(79, 3),
(79, 4),
(80, 1),
(80, 3),
(81, 2),
(81, 4),
(82, 2),
(82, 3),
(82, 5),
(83, 1),
(83, 2),
(83, 3),
(83, 4),
(84, 1),
(84, 3),
(84, 5),
(85, 1),
(85, 2),
(85, 3),
(86, 2),
(86, 3),
(86, 4),
(87, 2),
(87, 3),
(87, 4),
(87, 5),
(88, 1),
(88, 4),
(88, 5),
(89, 2),
(89, 4),
(89, 5),
(90, 4),
(91, 3),
(91, 4),
(91, 5),
(92, 1),
(92, 3),
(93, 2),
(93, 4),
(94, 3),
(94, 4),
(94, 5),
(95, 1),
(95, 2),
(96, 1),
(96, 4),
(97, 1),
(97, 2),
(97, 4),
(97, 5),
(98, 1),
(98, 2),
(98, 3),
(99, 1),
(100, 2),
(100, 3),
(101, 1),
(101, 2),
(101, 3),
(102, 1),
(102, 3),
(102, 4),
(102, 5),
(103, 1),
(103, 2),
(103, 3),
(104, 2),
(104, 4),
(105, 4),
(105, 5),
(106, 3),
(106, 4),
(106, 5),
(107, 2),
(107, 3),
(107, 4),
(108, 1),
(108, 2),
(109, 1),
(109, 3),
(110, 1),
(110, 3),
(110, 4),
(110, 5),
(111, 1),
(111, 2),
(111, 3),
(112, 2),
(112, 3),
(112, 4),
(113, 1),
(113, 2),
(113, 5),
(114, 1),
(114, 3),
(114, 5),
(115, 3),
(116, 1),
(116, 4),
(116, 5),
(117, 1),
(117, 2),
(118, 1),
(118, 2),
(119, 1),
(119, 2),
(119, 5),
(120, 3),
(120, 4),
(120, 5),
(121, 2),
(121, 4),
(122, 1),
(122, 2),
(122, 3),
(122, 4),
(123, 2),
(124, 1),
(124, 2),
(124, 5),
(125, 1),
(125, 2),
(125, 4),
(126, 3),
(127, 1),
(127, 2),
(127, 4),
(127, 5),
(128, 2),
(128, 3),
(129, 2),
(129, 4),
(130, 3),
(130, 4),
(130, 5),
(131, 3),
(131, 4),
(132, 1),
(132, 5),
(133, 1),
(133, 4),
(133, 5),
(134, 1),
(134, 2),
(134, 5),
(135, 1),
(135, 2),
(135, 4),
(135, 5),
(136, 1),
(136, 5),
(137, 1),
(137, 2),
(137, 3),
(137, 4),
(138, 1),
(138, 4),
(139, 3),
(139, 5),
(140, 3),
(140, 5),
(141, 1),
(141, 2),
(141, 3),
(142, 2),
(142, 4),
(142, 5),
(143, 2),
(144, 1),
(144, 4),
(144, 5),
(145, 5),
(146, 2),
(146, 3),
(147, 1),
(147, 2),
(147, 5),
(148, 1),
(148, 2),
(148, 5),
(149, 4),
(150, 2),
(150, 3),
(151, 5),
(152, 2),
(152, 5),
(153, 3),
(153, 5),
(154, 1),
(154, 5),
(155, 1),
(155, 3),
(156, 1),
(156, 2),
(156, 3),
(156, 4),
(156, 5),
(157, 1),
(157, 3),
(157, 5),
(158, 1),
(159, 2),
(159, 3),
(160, 1),
(160, 2),
(160, 3),
(160, 4),
(160, 5),
(161, 3),
(161, 4),
(161, 5),
(162, 1),
(162, 5),
(163, 1),
(163, 5),
(164, 2),
(164, 3),
(164, 5),
(165, 1),
(165, 3),
(166, 1),
(166, 3),
(166, 4),
(167, 4),
(168, 1),
(168, 2),
(168, 5),
(169, 2),
(169, 3),
(169, 5),
(170, 1),
(170, 2),
(170, 4),
(170, 5),
(171, 4),
(172, 3),
(172, 4),
(172, 5),
(173, 2),
(173, 3),
(173, 5),
(174, 2),
(174, 4),
(175, 1),
(175, 3),
(175, 5),
(176, 1),
(176, 2),
(176, 3),
(177, 1),
(177, 2),
(177, 3),
(177, 4),
(178, 4),
(179, 1),
(179, 4),
(179, 5),
(180, 1),
(180, 2),
(180, 3),
(180, 5),
(181, 2),
(181, 3),
(181, 4),
(182, 1),
(182, 4),
(183, 1),
(183, 4),
(184, 1),
(184, 2),
(185, 2),
(185, 4),
(185, 5),
(186, 2),
(186, 3),
(186, 4),
(187, 2),
(188, 1),
(188, 2),
(188, 3),
(188, 4),
(189, 2),
(189, 3),
(189, 4),
(190, 1),
(190, 2),
(190, 3),
(191, 1),
(191, 2),
(191, 3),
(191, 4),
(192, 1),
(192, 2),
(192, 4),
(193, 4),
(193, 5),
(194, 1),
(194, 2),
(194, 3),
(194, 4),
(194, 5),
(195, 2),
(196, 3),
(196, 4),
(196, 5),
(197, 3),
(197, 4),
(198, 1),
(198, 4),
(199, 5),
(200, 2),
(201, 3),
(202, 1),
(202, 2),
(202, 3),
(202, 5),
(203, 1),
(203, 3),
(203, 4),
(203, 5),
(204, 2),
(204, 4),
(204, 5),
(205, 1),
(206, 1),
(206, 2),
(206, 5),
(207, 1),
(208, 5),
(209, 1),
(209, 2),
(209, 4),
(209, 5),
(210, 1),
(210, 4),
(210, 5),
(211, 1),
(211, 2),
(211, 3),
(212, 1),
(212, 4),
(213, 1),
(213, 2),
(214, 5),
(215, 1),
(215, 2),
(215, 4),
(216, 1),
(216, 3),
(216, 4),
(216, 5),
(217, 1),
(217, 3),
(217, 4),
(217, 5),
(218, 3),
(218, 4),
(219, 1),
(219, 3),
(219, 4),
(220, 3),
(220, 4),
(221, 1),
(221, 2),
(221, 5),
(222, 1),
(222, 2),
(222, 4),
(222, 5),
(223, 2),
(223, 3),
(223, 5),
(224, 1),
(224, 2),
(224, 4),
(225, 1),
(225, 2),
(225, 4),
(225, 5),
(226, 1),
(226, 2),
(226, 3),
(226, 5),
(227, 1),
(227, 2),
(227, 3),
(228, 1),
(228, 2),
(228, 3),
(229, 1),
(230, 1),
(230, 2),
(230, 3),
(230, 5),
(231, 1),
(231, 4),
(232, 3),
(233, 2),
(233, 3),
(233, 4),
(234, 1),
(234, 2),
(234, 3),
(235, 2),
(235, 3),
(235, 4),
(235, 5),
(236, 1),
(236, 2),
(236, 3),
(236, 4),
(237, 1),
(237, 4),
(237, 5),
(238, 2),
(238, 3),
(238, 4),
(238, 5),
(239, 2),
(239, 3),
(239, 4),
(239, 5),
(240, 1),
(240, 3),
(240, 5),
(241, 4),
(241, 5),
(242, 2),
(242, 3),
(243, 1),
(243, 3),
(243, 4),
(243, 5),
(244, 1),
(244, 2),
(244, 4),
(244, 5),
(245, 1),
(245, 3),
(245, 5),
(246, 1),
(246, 4),
(247, 4),
(247, 5),
(248, 2),
(248, 5),
(249, 3),
(249, 5),
(250, 1),
(250, 3),
(251, 2),
(251, 3),
(251, 4),
(251, 5),
(252, 1),
(252, 2),
(252, 3),
(253, 1),
(253, 2),
(253, 3),
(253, 4),
(253, 5),
(254, 1),
(254, 3),
(254, 5),
(255, 2),
(255, 5),
(256, 2),
(256, 4),
(256, 5),
(257, 3),
(257, 4),
(258, 1),
(258, 4),
(258, 5),
(259, 2),
(260, 1),
(260, 3),
(260, 4),
(261, 5),
(262, 1),
(262, 2),
(262, 4),
(263, 5),
(264, 2),
(264, 3),
(264, 4),
(264, 5),
(265, 1),
(265, 5),
(266, 1),
(266, 2),
(266, 3),
(266, 4),
(267, 1),
(267, 3),
(267, 4),
(268, 1),
(268, 2),
(268, 4),
(269, 1),
(269, 3),
(269, 4),
(270, 3),
(270, 4),
(271, 1),
(271, 2),
(271, 3),
(271, 4),
(271, 5),
(272, 2),
(272, 3),
(273, 1),
(273, 5),
(274, 1),
(274, 3),
(274, 4),
(274, 5),
(275, 1),
(276, 1),
(276, 2),
(276, 3),
(277, 2),
(277, 3),
(278, 4),
(278, 5),
(279, 1),
(279, 4),
(279, 5),
(280, 2),
(280, 4),
(280, 5),
(281, 3),
(281, 4),
(281, 5),
(282, 1),
(282, 2),
(282, 3),
(282, 5),
(283, 2),
(284, 3),
(284, 4),
(284, 5),
(285, 3),
(285, 4),
(286, 1),
(286, 2),
(286, 5),
(287, 1),
(287, 2),
(287, 3),
(287, 5),
(288, 4),
(288, 5),
(289, 3),
(289, 4),
(290, 4),
(290, 5),
(291, 1),
(291, 3),
(292, 3),
(292, 4),
(292, 5),
(293, 1),
(293, 2),
(294, 1),
(294, 3),
(294, 5),
(295, 2),
(295, 4),
(295, 5),
(296, 3),
(296, 5),
(297, 3),
(298, 4),
(299, 1),
(299, 2),
(299, 3),
(299, 4),
(299, 5),
(300, 1),
(300, 5),
(301, 1),
(301, 2),
(301, 5),
(302, 2),
(302, 3),
(302, 4),
(302, 5),
(303, 2),
(303, 3),
(303, 5),
(304, 1),
(304, 3),
(305, 3),
(305, 4),
(305, 5),
(306, 2),
(306, 3),
(306, 5),
(307, 1),
(307, 2),
(307, 4),
(308, 2),
(309, 2),
(309, 3),
(309, 4),
(310, 3),
(311, 1),
(311, 2),
(311, 4),
(311, 5),
(312, 1),
(312, 2),
(312, 4),
(313, 2),
(313, 4),
(313, 5),
(314, 3),
(314, 4),
(314, 5),
(315, 1),
(315, 2),
(315, 3),
(316, 1),
(316, 2),
(316, 3),
(317, 1),
(317, 2),
(317, 3),
(317, 4),
(318, 1),
(318, 3),
(318, 4),
(318, 5),
(319, 2),
(319, 3),
(319, 4),
(319, 5),
(320, 1),
(320, 2),
(320, 4),
(320, 5),
(321, 2),
(321, 3),
(321, 5),
(322, 1),
(322, 2),
(323, 1),
(323, 2),
(323, 3),
(323, 5),
(324, 1),
(324, 4),
(324, 5),
(325, 4),
(325, 5),
(326, 2),
(326, 5),
(327, 2),
(327, 3),
(327, 4),
(328, 1),
(328, 2),
(328, 4),
(328, 5),
(329, 1),
(329, 4),
(329, 5),
(330, 1),
(330, 3),
(330, 4),
(331, 3),
(331, 4),
(332, 1),
(332, 3),
(332, 4),
(333, 3),
(333, 4),
(334, 2),
(335, 1),
(335, 5),
(336, 4),
(337, 1),
(337, 2),
(337, 3),
(337, 5),
(338, 1),
(338, 2),
(338, 4),
(338, 5),
(339, 1),
(339, 4),
(340, 2),
(340, 3),
(341, 1),
(341, 2),
(341, 3),
(341, 4),
(341, 5),
(342, 1),
(342, 3),
(343, 5),
(344, 2),
(344, 4),
(344, 5),
(345, 1),
(346, 1),
(346, 2),
(346, 3),
(346, 5),
(347, 1),
(348, 5),
(349, 1),
(349, 3),
(349, 5),
(350, 1),
(350, 2),
(350, 3),
(350, 4),
(350, 5),
(351, 3),
(351, 4),
(352, 3),
(352, 4),
(353, 2),
(354, 3),
(355, 1),
(355, 3),
(356, 1),
(356, 4),
(356, 5),
(357, 1),
(357, 3),
(357, 5),
(358, 1),
(358, 2),
(358, 5),
(359, 1),
(359, 3),
(359, 5),
(360, 1),
(360, 2),
(360, 3),
(360, 4),
(361, 1),
(361, 2),
(361, 3),
(361, 4),
(361, 5),
(362, 1),
(363, 1),
(363, 2),
(363, 4),
(363, 5),
(364, 1),
(364, 2),
(364, 4),
(365, 1),
(365, 2),
(366, 3),
(366, 4),
(367, 1),
(367, 2),
(367, 5),
(368, 2),
(368, 4),
(368, 5),
(369, 4),
(370, 1),
(370, 2),
(370, 4),
(370, 5),
(371, 1),
(371, 2),
(371, 3),
(371, 4),
(371, 5),
(372, 4),
(373, 1),
(374, 5),
(375, 2),
(376, 2),
(377, 4),
(378, 1),
(378, 2),
(379, 1),
(379, 5),
(380, 1),
(380, 3),
(380, 4),
(380, 5),
(381, 2),
(382, 1),
(382, 3),
(382, 4),
(382, 5),
(383, 1),
(383, 4),
(384, 3),
(385, 1),
(386, 2),
(386, 3),
(386, 4),
(387, 1),
(387, 3),
(387, 4),
(387, 5),
(388, 2),
(388, 3),
(388, 5),
(389, 1),
(390, 2),
(390, 5),
(391, 1),
(391, 3),
(392, 1),
(392, 2),
(392, 3),
(392, 4),
(392, 5),
(393, 1),
(393, 2),
(393, 5),
(394, 1),
(394, 2),
(394, 3),
(394, 4),
(394, 5),
(395, 1),
(395, 2),
(395, 4),
(396, 1),
(396, 3),
(396, 5),
(397, 3),
(397, 4),
(398, 1),
(398, 3),
(398, 4),
(398, 5),
(399, 1),
(399, 2),
(399, 3),
(399, 4),
(400, 3),
(400, 5);
